day,date,category,theme_dir,source_4k_url,output_size,menu_region,menu_left_pct,menu_top_pct,menu_width_pct,menu_height_pct,menu_transparency,analysis_scores
1,2026-09-03,Nature,adaptive-365/01-nature/day-001-2026-09-03,https://picsum.photos/seed/ventoy-2026-09-03-001-70184432/4096/2354,1366x786,right,61,20,36,60,0.401,"{""left"":2247.636039850001,""right"":1608.2223915625002,""left-bottom"":3143.2938462499988,""right-bottom"":1888.8666901625002}"
2,2026-09-04,Mountains,adaptive-365/02-mountains/day-002-2026-09-04,https://picsum.photos/seed/ventoy-2026-09-04-002-95859570/4096/2354,1366x786,left-bottom,3,33,36,60,0.551,"{""left"":293.1645501625001,""right"":1457.1861624,""left-bottom"":260.93214396250005,""right-bottom"":1709.2770006499995}"
3,2026-09-05,Oceans,adaptive-365/03-oceans/day-003-2026-09-05,https://picsum.photos/seed/ventoy-2026-09-05-003-90901284/4096/2354,1366x786,right-bottom,61,33,36,60,0.368,"{""left"":2463.6200649625,""right"":1947.89446,""left-bottom"":2980.0796599999994,""right-bottom"":1905.5529079625003}"
4,2026-09-06,Forests,adaptive-365/04-forests/day-004-2026-09-06,https://picsum.photos/seed/ventoy-2026-09-06-004-81303581/4096/2354,1366x786,right,61,20,36,60,0.417,"{""left"":1798.5100939624995,""right"":1463.6740631625005,""left-bottom"":2185.3270562499997,""right-bottom"":2023.478239850001}"
5,2026-09-07,Wildlife,adaptive-365/05-wildlife/day-005-2026-09-07,https://picsum.photos/seed/ventoy-2026-09-07-005-46609136/4096/2354,1366x786,right,61,20,36,60,0.555,"{""left"":288.94183125,""right"":224.3053162500009,""left-bottom"":581.2439588499979,""right-bottom"":270.2044040624991}"
6,2026-09-08,Architecture,adaptive-365/06-architecture/day-006-2026-09-08,https://picsum.photos/seed/ventoy-2026-09-08-006-6733836/4096/2354,1366x786,right-bottom,61,33,36,60,0.513,"{""left"":1481.4519816,""right"":701.4440162500001,""left-bottom"":1535.2603776624999,""right-bottom"":606.7031579625}"
7,2026-09-09,Cities,adaptive-365/07-cities/day-007-2026-09-09,https://picsum.photos/seed/ventoy-2026-09-09-007-64217994/4096/2354,1366x786,right,61,20,36,60,0.574,"{""left"":156.2753350000009,""right"":57.288215662501756,""left-bottom"":503.77709906250084,""right-bottom"":168.80157516250014}"
8,2026-09-10,Space,adaptive-365/08-space/day-008-2026-09-10,https://picsum.photos/seed/ventoy-2026-09-10-008-75845713/4096/2354,1366x786,left,3,20,36,60,0.3,"{""left"":3717.7895876625003,""right"":4490.3459684624995,""left-bottom"":3827.3298499625002,""right-bottom"":5030.4705106500005}"
9,2026-09-11,Technology,adaptive-365/09-technology/day-009-2026-09-11,https://picsum.photos/seed/ventoy-2026-09-11-009-12516697/4096/2354,1366x786,left,3,20,36,60,0.3,"{""left"":2927.4921686625,""right"":3779.72568585,""left-bottom"":3069.6023999999998,""right-bottom"":3883.5963062499995}"
10,2026-09-12,Abstract,adaptive-365/10-abstract/day-010-2026-09-12,https://picsum.photos/seed/ventoy-2026-09-12-010-86640014/4096/2354,1366x786,right,61,20,36,60,0.437,"{""left"":4481.67468385,""right"":1287.1470736,""left-bottom"":3565.9120859625,""right-bottom"":1962.2644709625006}"
11,2026-09-13,Minimal,adaptive-365/11-minimal/day-011-2026-09-13,https://picsum.photos/seed/ventoy-2026-09-13-011-85291476/4096/2354,1366x786,left,3,20,36,60,0.389,"{""left"":1719.7944218499997,""right"":5217.8344504625,""left-bottom"":2819.1797303999992,""right-bottom"":3952.9156495999996}"
12,2026-09-14,Travel,adaptive-365/12-travel/day-012-2026-09-14,https://picsum.photos/seed/ventoy-2026-09-14-012-41012657/4096/2354,1366x786,right,61,20,36,60,0.346,"{""left"":4182.45237665,""right"":2105.4217906499994,""left-bottom"":4256.4635646625,""right-bottom"":2300.8033618500003}"
13,2026-09-15,Nature,adaptive-365/01-nature/day-013-2026-09-15,https://picsum.photos/seed/ventoy-2026-09-15-013-25948512/4096/2354,1366x786,left-bottom,3,33,36,60,0.52,"{""left"":706.2096436625,""right"":2941.0672191625,""left-bottom"":540.5181376000002,""right-bottom"":2480.4036585999997}"
14,2026-09-16,Mountains,adaptive-365/02-mountains/day-014-2026-09-16,https://picsum.photos/seed/ventoy-2026-09-16-014-69756389/4096/2354,1366x786,right-bottom,61,33,36,60,0.3,"{""left"":3612.458545962499,""right"":3920.1808598499993,""left-bottom"":3556.5176086500005,""right-bottom"":3102.2026736}"
15,2026-09-17,Oceans,adaptive-365/03-oceans/day-015-2026-09-17,https://picsum.photos/seed/ventoy-2026-09-17-015-56905729/4096/2354,1366x786,left,3,20,36,60,0.398,"{""left"":1640.0216876625004,""right"":1927.7469789625004,""left-bottom"":4241.768567662501,""right-bottom"":3967.5391506500005}"
16,2026-09-18,Forests,adaptive-365/04-forests/day-016-2026-09-18,https://picsum.photos/seed/ventoy-2026-09-18-016-69354201/4096/2354,1366x786,left-bottom,3,33,36,60,0.512,"{""left"":771.9302656000003,""right"":2472.6514893999997,""left-bottom"":611.8585399999992,""right-bottom"":1609.3940736000002}"
17,2026-09-19,Wildlife,adaptive-365/05-wildlife/day-017-2026-09-19,https://picsum.photos/seed/ventoy-2026-09-19-017-71021069/4096/2354,1366x786,right,61,20,36,60,0.399,"{""left"":1767.255093850001,""right"":1629.990444849999,""left-bottom"":1920.8156361624992,""right-bottom"":1752.612436562501}"
18,2026-09-20,Architecture,adaptive-365/06-architecture/day-018-2026-09-20,https://picsum.photos/seed/ventoy-2026-09-20-018-61929980/4096/2354,1366x786,left,3,20,36,60,0.3,"{""left"":3010.627648649999,""right"":3210.518439999999,""left-bottom"":3539.2780786625,""right-bottom"":4079.5668600000004}"
19,2026-09-21,Cities,adaptive-365/07-cities/day-019-2026-09-21,https://picsum.photos/seed/ventoy-2026-09-21-019-92027831/4096/2354,1366x786,right,61,20,36,60,0.346,"{""left"":4182.45237665,""right"":2105.4217906499994,""left-bottom"":4256.4635646625,""right-bottom"":2300.8033618500003}"
20,2026-09-22,Space,adaptive-365/08-space/day-020-2026-09-22,https://picsum.photos/seed/ventoy-2026-09-22-020-20775400/4096/2354,1366x786,right,61,20,36,60,0.459,"{""left"":2267.50401585,""right"":1089.5072234624995,""left-bottom"":2553.9520790625,""right-bottom"":1562.0383415625001}"
21,2026-09-23,Technology,adaptive-365/09-technology/day-021-2026-09-23,https://picsum.photos/seed/ventoy-2026-09-23-021-72037746/4096/2354,1366x786,left,3,20,36,60,0.515,"{""left"":584.9873956499999,""right"":1443.3640579625003,""left-bottom"":696.3945951625,""right-bottom"":1512.4355158499998}"
22,2026-09-24,Abstract,adaptive-365/10-abstract/day-022-2026-09-24,https://picsum.photos/seed/ventoy-2026-09-24-022-60273557/4096/2354,1366x786,right,61,20,36,60,0.435,"{""left"":2626.56918125,""right"":1306.325735000001,""left-bottom"":2369.5317845999994,""right-bottom"":1348.7297544000012}"
23,2026-09-25,Minimal,adaptive-365/11-minimal/day-023-2026-09-25,https://picsum.photos/seed/ventoy-2026-09-25-023-13082334/4096/2354,1366x786,left,3,20,36,60,0.3,"{""left"":3771.9999251625,""right"":4831.84186585,""left-bottom"":4880.5435671625,""right-bottom"":4492.3861740625}"
24,2026-09-26,Travel,adaptive-365/12-travel/day-024-2026-09-26,https://picsum.photos/seed/ventoy-2026-09-26-024-48148142/4096/2354,1366x786,left-bottom,3,33,36,60,0.326,"{""left"":3394.4301625999997,""right"":3590.2553461625002,""left-bottom"":2284.3891671625,""right-bottom"":2861.6465015625}"
25,2026-09-27,Nature,adaptive-365/01-nature/day-025-2026-09-27,https://picsum.photos/seed/ventoy-2026-09-27-025-48027633/4096/2354,1366x786,right,61,20,36,60,0.572,"{""left"":1192.6001178499998,""right"":70.42021264999974,""left-bottom"":1366.1316165625,""right-bottom"":116.0346306499999}"
26,2026-09-28,Mountains,adaptive-365/02-mountains/day-026-2026-09-28,https://picsum.photos/seed/ventoy-2026-09-28-026-53018270/4096/2354,1366x786,left-bottom,3,33,36,60,0.555,"{""left"":413.63448656250006,""right"":1315.1240174,""left-bottom"":228.44071660000003,""right-bottom"":1527.5870526625}"
27,2026-09-29,Oceans,adaptive-365/03-oceans/day-027-2026-09-29,https://picsum.photos/seed/ventoy-2026-09-29-027-72674528/4096/2354,1366x786,left,3,20,36,60,0.496,"{""left"":755.7882084625006,""right"":1251.13669625,""left-bottom"":861.0902026500006,""right-bottom"":1383.2830666500004}"
28,2026-09-30,Forests,adaptive-365/04-forests/day-028-2026-09-30,https://picsum.photos/seed/ventoy-2026-09-30-028-1579733/4096/2354,1366x786,right-bottom,61,33,36,60,0.442,"{""left"":2912.7851704,""right"":1625.60932065,""left-bottom"":2421.23239625,""right-bottom"":1241.4453904624997}"
29,2026-10-01,Wildlife,adaptive-365/05-wildlife/day-029-2026-10-01,https://picsum.photos/seed/ventoy-2026-10-01-029-58433961/4096/2354,1366x786,left,3,20,36,60,0.519,"{""left"":545.496218649999,""right"":1071.6677686000019,""left-bottom"":581.2406876625001,""right-bottom"":1505.0566431625007}"
30,2026-10-02,Architecture,adaptive-365/06-architecture/day-030-2026-10-02,https://picsum.photos/seed/ventoy-2026-10-02-030-4516158/4096/2354,1366x786,left,3,20,36,60,0.567,"{""left"":113.870975,""right"":1955.9246478499997,""left-bottom"":238.54546296250072,""right-bottom"":2272.0907378499996}"
31,2026-10-03,Cities,adaptive-365/07-cities/day-031-2026-10-03,https://picsum.photos/seed/ventoy-2026-10-03-031-26710852/4096/2354,1366x786,right,61,20,36,60,0.3,"{""left"":2961.2885376500003,""right"":2694.4336856,""left-bottom"":2884.292216562499,""right-bottom"":2755.040743462499}"
32,2026-10-04,Space,adaptive-365/08-space/day-032-2026-10-04,https://picsum.photos/seed/ventoy-2026-10-04-032-70047303/4096/2354,1366x786,right-bottom,61,33,36,60,0.3,"{""left"":3935.8213990624995,""right"":3193.4467566499998,""left-bottom"":3742.16054,""right-bottom"":2830.39851265}"
33,2026-10-05,Technology,adaptive-365/09-technology/day-033-2026-10-05,https://picsum.photos/seed/ventoy-2026-10-05-033-45123042/4096/2354,1366x786,left,3,20,36,60,0.545,"{""left"":317.9965416500002,""right"":1686.0712943999995,""left-bottom"":531.7034156624995,""right-bottom"":1186.1890189624994}"
34,2026-10-06,Abstract,adaptive-365/10-abstract/day-034-2026-10-06,https://picsum.photos/seed/ventoy-2026-10-06-034-28481361/4096/2354,1366x786,left-bottom,3,33,36,60,0.382,"{""left"":2094.9826459625006,""right"":2154.6284331624997,""left-bottom"":1782.7451454625004,""right-bottom"":2288.85456665}"
35,2026-10-07,Minimal,adaptive-365/11-minimal/day-035-2026-10-07,https://picsum.photos/seed/ventoy-2026-10-07-035-23819172/4096/2354,1366x786,left-bottom,3,33,36,60,0.358,"{""left"":2172.9798006625,""right"":2634.4624116499995,""left-bottom"":2001.1889374625007,""right-bottom"":2545.4636576000003}"
36,2026-10-08,Travel,adaptive-365/12-travel/day-036-2026-10-08,https://picsum.photos/seed/ventoy-2026-10-08-036-15364073/4096/2354,1366x786,right,61,20,36,60,0.557,"{""left"":4836.952410162501,""right"":204.86759839999826,""left-bottom"":3978.405760000001,""right-bottom"":429.1653946624994}"
37,2026-10-09,Nature,adaptive-365/01-nature/day-037-2026-10-09,https://picsum.photos/seed/ventoy-2026-10-09-037-545283/4096/2354,1366x786,left-bottom,3,33,36,60,0.372,"{""left"":2513.47685625,""right"":2912.259225,""left-bottom"":1876.2014365625007,""right-bottom"":1928.6431033999997}"
38,2026-10-10,Mountains,adaptive-365/02-mountains/day-038-2026-10-10,https://picsum.photos/seed/ventoy-2026-10-10-038-23209714/4096/2354,1366x786,right-bottom,61,33,36,60,0.563,"{""left"":3325.9091196499994,""right"":162.96982496249822,""left-bottom"":2319.2124885999992,""right-bottom"":154.45849166249783}"
39,2026-10-11,Oceans,adaptive-365/03-oceans/day-039-2026-10-11,https://picsum.photos/seed/ventoy-2026-10-11-039-89230026/4096/2354,1366x786,right,61,20,36,60,0.401,"{""left"":2247.636039850001,""right"":1608.2223915625002,""left-bottom"":3143.2938462499988,""right-bottom"":1888.8666901625002}"
40,2026-10-12,Forests,adaptive-365/04-forests/day-040-2026-10-12,https://picsum.photos/seed/ventoy-2026-10-12-040-91712669/4096/2354,1366x786,right,61,20,36,60,0.495,"{""left"":1762.357439999999,""right"":764.2524148500012,""left-bottom"":2425.386025,""right-bottom"":1802.4515799625008}"
41,2026-10-13,Wildlife,adaptive-365/05-wildlife/day-041-2026-10-13,https://picsum.photos/seed/ventoy-2026-10-13-041-62091343/4096/2354,1366x786,left,3,20,36,60,0.387,"{""left"":1741.003239999999,""right"":2611.929839999999,""left-bottom"":3710.232751962499,""right-bottom"":3507.9848024000003}"
42,2026-10-14,Architecture,adaptive-365/06-architecture/day-042-2026-10-14,https://picsum.photos/seed/ventoy-2026-10-14-042-43324801/4096/2354,1366x786,right-bottom,61,33,36,60,0.405,"{""left"":2583.5691056,""right"":2151.2905408499996,""left-bottom"":2130.4984548499997,""right-bottom"":1570.64090565}"
43,2026-10-15,Cities,adaptive-365/07-cities/day-043-2026-10-15,https://picsum.photos/seed/ventoy-2026-10-15-043-63729705/4096/2354,1366x786,left-bottom,3,33,36,60,0.448,"{""left"":1722.7619551624998,""right"":1597.1866218499995,""left-bottom"":1186.6881351624997,""right-bottom"":1198.6993306625}"
44,2026-10-16,Space,adaptive-365/08-space/day-044-2026-10-16,https://picsum.photos/seed/ventoy-2026-10-16-044-52112092/4096/2354,1366x786,right,61,20,36,60,0.576,"{""left"":2299.591765,""right"":37.74036466250121,""left-bottom"":1881.8163615624999,""right-bottom"":39.991300600001225}"
45,2026-10-17,Technology,adaptive-365/09-technology/day-045-2026-10-17,https://picsum.photos/seed/ventoy-2026-10-17-045-86012844/4096/2354,1366x786,left,3,20,36,60,0.443,"{""left"":1229.6423162499998,""right"":1335.7741974625,""left-bottom"":1397.664664662499,""right-bottom"":1614.9577478499998}"
46,2026-10-18,Abstract,adaptive-365/10-abstract/day-046-2026-10-18,https://picsum.photos/seed/ventoy-2026-10-18-046-33986655/4096/2354,1366x786,left,3,20,36,60,0.559,"{""left"":186.57640564999878,""right"":1054.1804248499996,""left-bottom"":1785.1090839624985,""right-bottom"":1940.8084654625}"
47,2026-10-19,Minimal,adaptive-365/11-minimal/day-047-2026-10-19,https://picsum.photos/seed/ventoy-2026-10-19-047-72413313/4096/2354,1366x786,right,61,20,36,60,0.453,"{""left"":3224.1403946,""right"":1145.9647491624994,""left-bottom"":2882.9828249625,""right-bottom"":2241.8553004625005}"
48,2026-10-20,Travel,adaptive-365/12-travel/day-048-2026-10-20,https://picsum.photos/seed/ventoy-2026-10-20-048-67712230/4096/2354,1366x786,left,3,20,36,60,0.464,"{""left"":1044.0344679624998,""right"":3242.46800265,""left-bottom"":1974.36112485,""right-bottom"":3719.7787294625}"
49,2026-10-21,Nature,adaptive-365/01-nature/day-049-2026-10-21,https://picsum.photos/seed/ventoy-2026-10-21-049-30868842/4096/2354,1366x786,right-bottom,61,33,36,60,0.3,"{""left"":3235.10047985,""right"":4277.181196649999,""left-bottom"":3785.1838744625,""right-bottom"":2971.5070414624997}"
50,2026-10-22,Mountains,adaptive-365/02-mountains/day-050-2026-10-22,https://picsum.photos/seed/ventoy-2026-10-22-050-4434336/4096/2354,1366x786,left-bottom,3,33,36,60,0.493,"{""left"":1668.4478490624997,""right"":3356.614122649999,""left-bottom"":784.6199465999998,""right-bottom"":3984.2179794000003}"
51,2026-10-23,Oceans,adaptive-365/03-oceans/day-051-2026-10-23,https://picsum.photos/seed/ventoy-2026-10-23-051-70602866/4096/2354,1366x786,right,61,20,36,60,0.516,"{""left"":1400.8370201624996,""right"":572.2258826499999,""left-bottom"":1513.3714499625005,""right-bottom"":698.6935026000001}"
52,2026-10-24,Forests,adaptive-365/04-forests/day-052-2026-10-24,https://picsum.photos/seed/ventoy-2026-10-24-052-13172422/4096/2354,1366x786,left,3,20,36,60,0.491,"{""left"":804.3662135999998,""right"":2594.9656884624997,""left-bottom"":1142.1380486499997,""right-bottom"":2535.65863585}"
53,2026-10-25,Wildlife,adaptive-365/05-wildlife/day-053-2026-10-25,https://picsum.photos/seed/ventoy-2026-10-25-053-50727781/4096/2354,1366x786,left,3,20,36,60,0.3,"{""left"":3383.1541553999996,""right"":5612.146754650001,""left-bottom"":4322.1590624,""right-bottom"":5079.4897589625}"
54,2026-10-26,Architecture,adaptive-365/06-architecture/day-054-2026-10-26,https://picsum.photos/seed/ventoy-2026-10-26-054-38372027/4096/2354,1366x786,right-bottom,61,33,36,60,0.373,"{""left"":4497.929786562501,""right"":2484.76748985,""left-bottom"":4409.0320626625,""right-bottom"":1865.8420049625}"
55,2026-10-27,Cities,adaptive-365/07-cities/day-055-2026-10-27,https://picsum.photos/seed/ventoy-2026-10-27-055-35310915/4096/2354,1366x786,right-bottom,61,33,36,60,0.488,"{""left"":1360.5840404624998,""right"":1002.8474665625001,""left-bottom"":843.2417196625005,""right-bottom"":832.0576021625}"
56,2026-10-28,Space,adaptive-365/08-space/day-056-2026-10-28,https://picsum.photos/seed/ventoy-2026-10-28-056-97519542/4096/2354,1366x786,left,3,20,36,60,0.5,"{""left"":719.1074641624998,""right"":2082.2132226625,""left-bottom"":998.8045081624998,""right-bottom"":2104.3666874}"
57,2026-10-29,Technology,adaptive-365/09-technology/day-057-2026-10-29,https://picsum.photos/seed/ventoy-2026-10-29-057-20830106/4096/2354,1366x786,left-bottom,3,33,36,60,0.341,"{""left"":3261.7785665624997,""right"":3150.8373826000006,""left-bottom"":2149.18698385,""right-bottom"":2644.4402159624997}"
58,2026-10-30,Abstract,adaptive-365/10-abstract/day-058-2026-10-30,https://picsum.photos/seed/ventoy-2026-10-30-058-44209851/4096/2354,1366x786,left-bottom,3,33,36,60,0.497,"{""left"":935.4779740624997,""right"":1795.8349336625,""left-bottom"":749.3626084624999,""right-bottom"":1682.7714345999998}"
59,2026-10-31,Minimal,adaptive-365/11-minimal/day-059-2026-10-31,https://picsum.photos/seed/ventoy-2026-10-31-059-66405908/4096/2354,1366x786,left,3,20,36,60,0.437,"{""left"":1283.3113798499999,""right"":1562.7334390625,""left-bottom"":1631.3844464,""right-bottom"":1518.0183841624998}"
60,2026-11-01,Travel,adaptive-365/12-travel/day-060-2026-11-01,https://picsum.photos/seed/ventoy-2026-11-01-060-44510026/4096/2354,1366x786,left,3,20,36,60,0.472,"{""left"":970.0706874625005,""right"":2324.8120236625014,""left-bottom"":1114.2203578499993,""right-bottom"":2764.5374046624997}"
61,2026-11-02,Nature,adaptive-365/01-nature/day-061-2026-11-02,https://picsum.photos/seed/ventoy-2026-11-02-061-84606880/4096/2354,1366x786,right-bottom,61,33,36,60,0.3,"{""left"":5996.7379826,""right"":5949.548610599999,""left-bottom"":6121.5896606625,""right-bottom"":5439.06967585}"
62,2026-11-03,Mountains,adaptive-365/02-mountains/day-062-2026-11-03,https://picsum.photos/seed/ventoy-2026-11-03-062-79310491/4096/2354,1366x786,right-bottom,61,33,36,60,0.498,"{""left"":1034.2255436499997,""right"":800.4256125999999,""left-bottom"":829.8048749999999,""right-bottom"":735.9437790625}"
63,2026-11-04,Oceans,adaptive-365/03-oceans/day-063-2026-11-04,https://picsum.photos/seed/ventoy-2026-11-04-063-62833514/4096/2354,1366x786,right,61,20,36,60,0.441,"{""left"":3340.2939439624993,""right"":1251.3130784625002,""left-bottom"":3025.1204651624994,""right-bottom"":1802.3801462499991}"
64,2026-11-05,Forests,adaptive-365/04-forests/day-064-2026-11-05,https://picsum.photos/seed/ventoy-2026-11-05-064-57320217/4096/2354,1366x786,right,61,20,36,60,0.558,"{""left"":2151.89095985,""right"":200.20724964999997,""left-bottom"":2417.34394785,""right-bottom"":201.64712484999998}"
65,2026-11-06,Wildlife,adaptive-365/05-wildlife/day-065-2026-11-06,https://picsum.photos/seed/ventoy-2026-11-06-065-29447475/4096/2354,1366x786,right,61,20,36,60,0.3,"{""left"":3176.5811809625,""right"":2726.3349754000005,""left-bottom"":4573.8033251625,""right-bottom"":3799.6241062499994}"
66,2026-11-07,Architecture,adaptive-365/06-architecture/day-066-2026-11-07,https://picsum.photos/seed/ventoy-2026-11-07-066-67762201/4096/2354,1366x786,right,61,20,36,60,0.538,"{""left"":833.6380664000001,""right"":373.79490696249997,""left-bottom"":814.7163246624998,""right-bottom"":438.61368696249997}"
67,2026-11-08,Cities,adaptive-365/07-cities/day-067-2026-11-08,https://picsum.photos/seed/ventoy-2026-11-08-067-88978585/4096/2354,1366x786,right,61,20,36,60,0.474,"{""left"":1987.3292740625006,""right"":956.2730979624994,""left-bottom"":2058.2232661625,""right-bottom"":1582.0404240625007}"
68,2026-11-09,Space,adaptive-365/08-space/day-068-2026-11-09,https://picsum.photos/seed/ventoy-2026-11-09-068-97006032/4096/2354,1366x786,left-bottom,3,33,36,60,0.301,"{""left"":2644.2854806624996,""right"":4555.7197236625,""left-bottom"":2513.5027186625002,""right-bottom"":4206.926224999999}"
69,2026-11-10,Technology,adaptive-365/09-technology/day-069-2026-11-10,https://picsum.photos/seed/ventoy-2026-11-10-069-44405729/4096/2354,1366x786,left,3,20,36,60,0.502,"{""left"":700.0482114624998,""right"":713.1672901624992,""left-bottom"":827.2543999625004,""right-bottom"":1067.7605495999994}"
70,2026-11-11,Abstract,adaptive-365/10-abstract/day-070-2026-11-11,https://picsum.photos/seed/ventoy-2026-11-11-070-16218014/4096/2354,1366x786,right-bottom,61,33,36,60,0.434,"{""left"":1358.7766740624998,""right"":1464.7446999625004,""left-bottom"":1340.3574614625,""right-bottom"":1311.035313962499}"
71,2026-11-12,Minimal,adaptive-365/11-minimal/day-071-2026-11-12,https://picsum.photos/seed/ventoy-2026-11-12-071-71505133/4096/2354,1366x786,right-bottom,61,33,36,60,0.569,"{""left"":2767.4985390624997,""right"":103.5553994625002,""left-bottom"":2820.8888491625,""right-bottom"":98.09766896250005}"
72,2026-11-13,Travel,adaptive-365/12-travel/day-072-2026-11-13,https://picsum.photos/seed/ventoy-2026-11-13-072-40776753/4096/2354,1366x786,left-bottom,3,33,36,60,0.327,"{""left"":3404.9642491624995,""right"":2581.5010424624998,""left-bottom"":2275.9392164624996,""right-bottom"":2508.3622764624997}"
73,2026-11-14,Nature,adaptive-365/01-nature/day-073-2026-11-14,https://picsum.photos/seed/ventoy-2026-11-14-073-11048788/4096/2354,1366x786,left-bottom,3,33,36,60,0.32,"{""left"":3403.1164044624993,""right"":4258.32120865,""left-bottom"":2340.0069964624995,""right-bottom"":3684.980841562499}"
74,2026-11-15,Mountains,adaptive-365/02-mountains/day-074-2026-11-15,https://picsum.photos/seed/ventoy-2026-11-15-074-67357575/4096/2354,1366x786,left,3,20,36,60,0.358,"{""left"":1998.1721394,""right"":2149.30188385,""left-bottom"":2309.7005118499997,""right-bottom"":2966.8586306}"
75,2026-11-16,Oceans,adaptive-365/03-oceans/day-075-2026-11-16,https://picsum.photos/seed/ventoy-2026-11-16-075-19768716/4096/2354,1366x786,right,61,20,36,60,0.552,"{""left"":1397.5156994625,""right"":253.2878665624991,""left-bottom"":1780.5682490624995,""right-bottom"":837.0352366624996}"
76,2026-11-17,Forests,adaptive-365/04-forests/day-076-2026-11-17,https://picsum.photos/seed/ventoy-2026-11-17-076-26684774/4096/2354,1366x786,left,3,20,36,60,0.479,"{""left"":910.2347965999999,""right"":933.6039236624998,""left-bottom"":1536.08266,""right-bottom"":1475.1866344625}"
77,2026-11-18,Wildlife,adaptive-365/05-wildlife/day-077-2026-11-18,https://picsum.photos/seed/ventoy-2026-11-18-077-8253050/4096/2354,1366x786,left,3,20,36,60,0.372,"{""left"":1869.8221026500005,""right"":2856.0662811624998,""left-bottom"":3535.6289846499994,""right-bottom"":4013.34144}"
78,2026-11-19,Architecture,adaptive-365/06-architecture/day-078-2026-11-19,https://picsum.photos/seed/ventoy-2026-11-19-078-17053320/4096/2354,1366x786,right-bottom,61,33,36,60,0.3,"{""left"":5299.2819914,""right"":3021.98465985,""left-bottom"":4684.29784625,""right-bottom"":2586.0378746624997}"
79,2026-11-20,Cities,adaptive-365/07-cities/day-079-2026-11-20,https://picsum.photos/seed/ventoy-2026-11-20-079-24398915/4096/2354,1366x786,right-bottom,61,33,36,60,0.454,"{""left"":1252.72510065,""right"":1159.2260218499996,""left-bottom"":1352.3589513999998,""right-bottom"":1137.8341306499997}"
80,2026-11-21,Space,adaptive-365/08-space/day-080-2026-11-21,https://picsum.photos/seed/ventoy-2026-11-21-080-59563811/4096/2354,1366x786,right-bottom,61,33,36,60,0.351,"{""left"":4302.1112874625005,""right"":2178.4379361625006,""left-bottom"":3812.0070126500004,""right-bottom"":2063.521783399999}"
81,2026-11-22,Technology,adaptive-365/09-technology/day-081-2026-11-22,https://picsum.photos/seed/ventoy-2026-11-22-081-62505060/4096/2354,1366x786,left-bottom,3,33,36,60,0.491,"{""left"":1388.9390664624998,""right"":4950.2117014625,""left-bottom"":805.1226764624998,""right-bottom"":4538.5114996625}"
82,2026-11-23,Abstract,adaptive-365/10-abstract/day-082-2026-11-23,https://picsum.photos/seed/ventoy-2026-11-23-082-22124177/4096/2354,1366x786,right-bottom,61,33,36,60,0.441,"{""left"":1772.3844846625009,""right"":1388.5899438500007,""left-bottom"":1761.255966250001,""right-bottom"":1247.3317966499994}"
83,2026-11-24,Minimal,adaptive-365/11-minimal/day-083-2026-11-24,https://picsum.photos/seed/ventoy-2026-11-24-083-91108325/4096/2354,1366x786,left,3,20,36,60,0.388,"{""left"":1725.002431662499,""right"":2012.1079946499995,""left-bottom"":2203.1481104,""right-bottom"":2263.143366250001}"
84,2026-11-25,Travel,adaptive-365/12-travel/day-084-2026-11-25,https://picsum.photos/seed/ventoy-2026-11-25-084-57576383/4096/2354,1366x786,left,3,20,36,60,0.501,"{""left"":706.9111088499977,""right"":5472.9819165625,""left-bottom"":3279.2496894,""right-bottom"":3702.0406290625}"
85,2026-11-26,Nature,adaptive-365/01-nature/day-085-2026-11-26,https://picsum.photos/seed/ventoy-2026-11-26-085-7868680/4096/2354,1366x786,right-bottom,61,33,36,60,0.56,"{""left"":1433.525785,""right"":196.0218444625,""left-bottom"":751.8897904000002,""right-bottom"":177.0753836500001}"
86,2026-11-27,Mountains,adaptive-365/02-mountains/day-086-2026-11-27,https://picsum.photos/seed/ventoy-2026-11-27-086-69920512/4096/2354,1366x786,right,61,20,36,60,0.3,"{""left"":2881.7911478499996,""right"":2773.1957665625005,""left-bottom"":3118.7855790625003,""right-bottom"":2842.9604145999997}"
87,2026-11-28,Oceans,adaptive-365/03-oceans/day-087-2026-11-28,https://picsum.photos/seed/ventoy-2026-11-28-087-66752036/4096/2354,1366x786,left-bottom,3,33,36,60,0.3,"{""left"":4477.043830962499,""right"":3761.0533286624996,""left-bottom"":3207.9153786624993,""right-bottom"":4318.1877024000005}"
88,2026-11-29,Forests,adaptive-365/04-forests/day-088-2026-11-29,https://picsum.photos/seed/ventoy-2026-11-29-088-56522429/4096/2354,1366x786,left-bottom,3,33,36,60,0.377,"{""left"":2672.5377754000006,""right"":3310.1800498499993,""left-bottom"":1825.25414,""right-bottom"":3217.6248918499996}"
89,2026-11-30,Wildlife,adaptive-365/05-wildlife/day-089-2026-11-30,https://picsum.photos/seed/ventoy-2026-11-30-089-64841980/4096/2354,1366x786,left-bottom,3,33,36,60,0.527,"{""left"":1084.7083866499997,""right"":1069.62476665,""left-bottom"":474.1901286499999,""right-bottom"":505.5921518499996}"
90,2026-12-01,Architecture,adaptive-365/06-architecture/day-090-2026-12-01,https://picsum.photos/seed/ventoy-2026-12-01-090-46522544/4096/2354,1366x786,left-bottom,3,33,36,60,0.499,"{""left"":845.7901249625004,""right"":1240.5706131625002,""left-bottom"":728.2170111624993,""right-bottom"":1114.834079062499}"
91,2026-12-02,Cities,adaptive-365/07-cities/day-091-2026-12-02,https://picsum.photos/seed/ventoy-2026-12-02-091-4324744/4096/2354,1366x786,right-bottom,61,33,36,60,0.3,"{""left"":5538.019442662499,""right"":5710.88610625,""left-bottom"":4874.746688649999,""right-bottom"":4656.2075894624995}"
92,2026-12-03,Space,adaptive-365/08-space/day-092-2026-12-03,https://picsum.photos/seed/ventoy-2026-12-03-092-69769573/4096/2354,1366x786,right,61,20,36,60,0.341,"{""left"":2495.7042343999997,""right"":2152.55753585,""left-bottom"":2945.9243743999996,""right-bottom"":3008.7309999999998}"
93,2026-12-04,Technology,adaptive-365/09-technology/day-093-2026-12-04,https://picsum.photos/seed/ventoy-2026-12-04-093-24185018/4096/2354,1366x786,left,3,20,36,60,0.449,"{""left"":1175.427299400001,""right"":2096.2155561625,""left-bottom"":1908.1142604624993,""right-bottom"":2677.9440673999993}"
94,2026-12-05,Abstract,adaptive-365/10-abstract/day-094-2026-12-05,https://picsum.photos/seed/ventoy-2026-12-05-094-90060831/4096/2354,1366x786,right-bottom,61,33,36,60,0.565,"{""left"":2740.1999490625008,""right"":152.76254484999924,""left-bottom"":1946.1568169624984,""right-bottom"":136.4366094625011}"
95,2026-12-06,Minimal,adaptive-365/11-minimal/day-095-2026-12-06,https://picsum.photos/seed/ventoy-2026-12-06-095-49247274/4096/2354,1366x786,right-bottom,61,33,36,60,0.478,"{""left"":1498.0638769624998,""right"":2328.9006306499996,""left-bottom"":2035.5232241624997,""right-bottom"":919.3380733999999}"
96,2026-12-07,Travel,adaptive-365/12-travel/day-096-2026-12-07,https://picsum.photos/seed/ventoy-2026-12-07-096-45429484/4096/2354,1366x786,left-bottom,3,33,36,60,0.432,"{""left"":1563.7316996624998,""right"":2320.383266250001,""left-bottom"":1331.5348389625,""right-bottom"":2224.262605850001}"
97,2026-12-08,Nature,adaptive-365/01-nature/day-097-2026-12-08,https://picsum.photos/seed/ventoy-2026-12-08-097-66017610/4096/2354,1366x786,left,3,20,36,60,0.392,"{""left"":1696.0548034000008,""right"":3993.946233600001,""left-bottom"":1734.9944784625002,""right-bottom"":2989.3722126625}"
98,2026-12-09,Mountains,adaptive-365/02-mountains/day-098-2026-12-09,https://picsum.photos/seed/ventoy-2026-12-09-098-69194718/4096/2354,1366x786,left,3,20,36,60,0.495,"{""left"":761.2094712499991,""right"":2668.781222162501,""left-bottom"":1548.4043499625004,""right-bottom"":3257.089115849999}"
99,2026-12-10,Oceans,adaptive-365/03-oceans/day-099-2026-12-10,https://picsum.photos/seed/ventoy-2026-12-10-099-13926459/4096/2354,1366x786,left-bottom,3,33,36,60,0.3,"{""left"":3552.5034311624995,""right"":3672.0794559625,""left-bottom"":3428.6268306499996,""right-bottom"":3486.85089625}"
100,2026-12-11,Forests,adaptive-365/04-forests/day-100-2026-12-11,https://picsum.photos/seed/ventoy-2026-12-11-100-48967115/4096/2354,1366x786,left,3,20,36,60,0.3,"{""left"":5312.0487376625,""right"":5845.1732115625,""left-bottom"":5468.833729849999,""right-bottom"":5970.2003066}"
101,2026-12-12,Wildlife,adaptive-365/05-wildlife/day-101-2026-12-12,https://picsum.photos/seed/ventoy-2026-12-12-101-64601106/4096/2354,1366x786,right,61,20,36,60,0.46,"{""left"":2242.029065,""right"":1077.6347169624994,""left-bottom"":2607.7295726499997,""right-bottom"":1107.8538958499998}"
102,2026-12-13,Architecture,adaptive-365/06-architecture/day-102-2026-12-13,https://picsum.photos/seed/ventoy-2026-12-13-102-52878174/4096/2354,1366x786,left-bottom,3,33,36,60,0.301,"{""left"":3132.6010449624996,""right"":2969.2466829625,""left-bottom"":2508.6739212499997,""right-bottom"":2649.8832188499996}"
103,2026-12-14,Cities,adaptive-365/07-cities/day-103-2026-12-14,https://picsum.photos/seed/ventoy-2026-12-14-103-4598596/4096/2354,1366x786,left,3,20,36,60,0.343,"{""left"":2135.7689765625,""right"":2357.8297914625005,""left-bottom"":2393.1514621624997,""right-bottom"":2500.4432544}"
104,2026-12-15,Space,adaptive-365/08-space/day-104-2026-12-15,https://picsum.photos/seed/ventoy-2026-12-15-104-15126287/4096/2354,1366x786,left,3,20,36,60,0.406,"{""left"":1561.5303415625003,""right"":1727.0011915625003,""left-bottom"":1645.5870001624999,""right-bottom"":1831.8958026624991}"
105,2026-12-16,Technology,adaptive-365/09-technology/day-105-2026-12-16,https://picsum.photos/seed/ventoy-2026-12-16-105-71285603/4096/2354,1366x786,right-bottom,61,33,36,60,0.3,"{""left"":5178.1236711625,""right"":4021.3628326499997,""left-bottom"":4521.5252051624975,""right-bottom"":3378.8693600000006}"
106,2026-12-17,Abstract,adaptive-365/10-abstract/day-106-2026-12-17,https://picsum.photos/seed/ventoy-2026-12-17-106-17773443/4096/2354,1366x786,right-bottom,61,33,36,60,0.489,"{""left"":2121.5844865624995,""right"":908.1691298500001,""left-bottom"":1102.8881786,""right-bottom"":818.1504481625001}"
107,2026-12-18,Minimal,adaptive-365/11-minimal/day-107-2026-12-18,https://picsum.photos/seed/ventoy-2026-12-18-107-65573720/4096/2354,1366x786,left,3,20,36,60,0.425,"{""left"":1391.2633428499978,""right"":1826.4064201624997,""left-bottom"":2030.0031234624996,""right-bottom"":1744.8095140625}"
108,2026-12-19,Travel,adaptive-365/12-travel/day-108-2026-12-19,https://picsum.photos/seed/ventoy-2026-12-19-108-2568127/4096/2354,1366x786,right-bottom,61,33,36,60,0.405,"{""left"":3944.5199701624992,""right"":5654.185566249999,""left-bottom"":1814.895615,""right-bottom"":1578.3792096}"
109,2026-12-20,Nature,adaptive-365/01-nature/day-109-2026-12-20,https://picsum.photos/seed/ventoy-2026-12-20-109-28164742/4096/2354,1366x786,left-bottom,3,33,36,60,0.3,"{""left"":4134.48056625,""right"":5553.115529062499,""left-bottom"":3664.7404849999994,""right-bottom"":4501.7849256}"
110,2026-12-21,Mountains,adaptive-365/02-mountains/day-110-2026-12-21,https://picsum.photos/seed/ventoy-2026-12-21-110-3433152/4096/2354,1366x786,left,3,20,36,60,0.564,"{""left"":144.80585765,""right"":1605.96194,""left-bottom"":229.90917296249995,""right-bottom"":647.6041746000001}"
111,2026-12-22,Oceans,adaptive-365/03-oceans/day-111-2026-12-22,https://picsum.photos/seed/ventoy-2026-12-22-111-2723383/4096/2354,1366x786,left-bottom,3,33,36,60,0.3,"{""left"":4134.48056625,""right"":5553.115529062499,""left-bottom"":3664.7404849999994,""right-bottom"":4501.7849256}"
112,2026-12-23,Forests,adaptive-365/04-forests/day-112-2026-12-23,https://picsum.photos/seed/ventoy-2026-12-23-112-62089356/4096/2354,1366x786,left,3,20,36,60,0.556,"{""left"":218.94302916250007,""right"":649.9803059625,""left-bottom"":929.8775594624999,""right-bottom"":1636.3268126624998}"
113,2026-12-24,Wildlife,adaptive-365/05-wildlife/day-113-2026-12-24,https://picsum.photos/seed/ventoy-2026-12-24-113-81126189/4096/2354,1366x786,left,3,20,36,60,0.318,"{""left"":2353.559584599999,""right"":2950.9403569624997,""left-bottom"":2417.867084650001,""right-bottom"":3798.8240419625004}"
114,2026-12-25,Architecture,adaptive-365/06-architecture/day-114-2026-12-25,https://picsum.photos/seed/ventoy-2026-12-25-114-7444399/4096/2354,1366x786,right-bottom,61,33,36,60,0.355,"{""left"":4597.446647399999,""right"":2302.8553600000005,""left-bottom"":3891.9757901625003,""right-bottom"":2024.4898895999997}"
115,2026-12-26,Cities,adaptive-365/07-cities/day-115-2026-12-26,https://picsum.photos/seed/ventoy-2026-12-26-115-94074423/4096/2354,1366x786,left,3,20,36,60,0.559,"{""left"":186.57640564999878,""right"":1054.1804248499996,""left-bottom"":1785.1090839624985,""right-bottom"":1940.8084654625}"
116,2026-12-27,Space,adaptive-365/08-space/day-116-2026-12-27,https://picsum.photos/seed/ventoy-2026-12-27-116-51906494/4096/2354,1366x786,left,3,20,36,60,0.334,"{""left"":2218.424589399998,""right"":3800.643173462499,""left-bottom"":3577.777020462501,""right-bottom"":4129.713629599999}"
117,2026-12-28,Technology,adaptive-365/09-technology/day-117-2026-12-28,https://picsum.photos/seed/ventoy-2026-12-28-117-86609109/4096/2354,1366x786,right-bottom,61,33,36,60,0.525,"{""left"":1082.7010124624983,""right"":2665.14913885,""left-bottom"":1402.5895691625012,""right-bottom"":498.94803840000003}"
118,2026-12-29,Abstract,adaptive-365/10-abstract/day-118-2026-12-29,https://picsum.photos/seed/ventoy-2026-12-29-118-5071134/4096/2354,1366x786,left,3,20,36,60,0.514,"{""left"":596.2409214000016,""right"":596.827199062501,""left-bottom"":2107.758172162499,""right-bottom"":2018.6818790624989}"
119,2026-12-30,Minimal,adaptive-365/11-minimal/day-119-2026-12-30,https://picsum.photos/seed/ventoy-2026-12-30-119-87283655/4096/2354,1366x786,left,3,20,36,60,0.467,"{""left"":1019.2028751625,""right"":1506.1477571624994,""left-bottom"":1940.6393829625003,""right-bottom"":2523.4196584}"
120,2026-12-31,Travel,adaptive-365/12-travel/day-120-2026-12-31,https://picsum.photos/seed/ventoy-2026-12-31-120-55822840/4096/2354,1366x786,right-bottom,61,33,36,60,0.549,"{""left"":2355.3819326624994,""right"":1767.0682981625,""left-bottom"":1687.0643521625002,""right-bottom"":278.7205594625}"
121,2027-01-01,Nature,adaptive-365/01-nature/day-121-2027-01-01,https://picsum.photos/seed/ventoy-2027-01-01-121-11310253/4096/2354,1366x786,right,61,20,36,60,0.552,"{""left"":1397.5156994625,""right"":253.2878665624991,""left-bottom"":1780.5682490624995,""right-bottom"":837.0352366624996}"
122,2027-01-02,Mountains,adaptive-365/02-mountains/day-122-2027-01-02,https://picsum.photos/seed/ventoy-2027-01-02-122-15165110/4096/2354,1366x786,right,61,20,36,60,0.3,"{""left"":3073.0664246624992,""right"":2728.883284599999,""left-bottom"":3715.5813015999993,""right-bottom"":3906.277185000001}"
123,2027-01-03,Oceans,adaptive-365/03-oceans/day-123-2027-01-03,https://picsum.photos/seed/ventoy-2027-01-03-123-90721854/4096/2354,1366x786,right-bottom,61,33,36,60,0.498,"{""left"":1685.5765106625001,""right"":748.8612069625,""left-bottom"":1598.4084466000002,""right-bottom"":738.5479116500001}"
124,2027-01-04,Forests,adaptive-365/04-forests/day-124-2027-01-04,https://picsum.photos/seed/ventoy-2027-01-04-124-40894562/4096/2354,1366x786,right,61,20,36,60,0.312,"{""left"":2929.4880854625,""right"":2412.8918783999998,""left-bottom"":2786.14604465,""right-bottom"":2713.2239639625}"
125,2027-01-05,Wildlife,adaptive-365/05-wildlife/day-125-2027-01-05,https://picsum.photos/seed/ventoy-2027-01-05-125-59478372/4096/2354,1366x786,right,61,20,36,60,0.511,"{""left"":2189.0474265625,""right"":624.7286738500002,""left-bottom"":1918.60822465,""right-bottom"":664.4593881625004}"
126,2027-01-06,Architecture,adaptive-365/06-architecture/day-126-2027-01-06,https://picsum.photos/seed/ventoy-2027-01-06-126-33488768/4096/2354,1366x786,left,3,20,36,60,0.543,"{""left"":330.91451146249995,""right"":1598.0291518500007,""left-bottom"":1471.9210494625004,""right-bottom"":2916.1113154625}"
127,2027-01-07,Cities,adaptive-365/07-cities/day-127-2027-01-07,https://picsum.photos/seed/ventoy-2027-01-07-127-77941979/4096/2354,1366x786,right-bottom,61,33,36,60,0.361,"{""left"":2614.3581339625007,""right"":2026.882138599999,""left-bottom"":2282.080419849999,""right-bottom"":1971.2162656}"
128,2027-01-08,Space,adaptive-365/08-space/day-128-2027-01-08,https://picsum.photos/seed/ventoy-2027-01-08-128-30009569/4096/2354,1366x786,right,61,20,36,60,0.451,"{""left"":2608.9621964624994,""right"":1160.8181664625001,""left-bottom"":1572.8784434,""right-bottom"":2025.7360776}"
129,2027-01-09,Technology,adaptive-365/09-technology/day-129-2027-01-09,https://picsum.photos/seed/ventoy-2027-01-09-129-90766952/4096/2354,1366x786,right-bottom,61,33,36,60,0.475,"{""left"":3430.603144162499,""right"":1820.1860391624996,""left-bottom"":4056.96805665,""right-bottom"":942.4672704625}"
130,2027-01-10,Abstract,adaptive-365/10-abstract/day-130-2027-01-10,https://picsum.photos/seed/ventoy-2027-01-10-130-61890995/4096/2354,1366x786,right,61,20,36,60,0.556,"{""left"":1081.8204890624997,""right"":219.66424139999998,""left-bottom"":2185.6755765625,""right-bottom"":825.3800364625}"
131,2027-01-11,Minimal,adaptive-365/11-minimal/day-131-2027-01-11,https://picsum.photos/seed/ventoy-2027-01-11-131-10599623/4096/2354,1366x786,right-bottom,61,33,36,60,0.3,"{""left"":4715.811062462501,""right"":2784.2236543999998,""left-bottom"":4189.009618962499,""right-bottom"":2632.9446496624996}"
132,2027-01-12,Travel,adaptive-365/12-travel/day-132-2027-01-12,https://picsum.photos/seed/ventoy-2027-01-12-132-35962691/4096/2354,1366x786,left,3,20,36,60,0.571,"{""left"":80.70894960000066,""right"":2746.0928626000004,""left-bottom"":241.8781149999991,""right-bottom"":3517.5932740625}"
133,2027-01-13,Nature,adaptive-365/01-nature/day-133-2027-01-13,https://picsum.photos/seed/ventoy-2027-01-13-133-91240197/4096/2354,1366x786,right,61,20,36,60,0.367,"{""left"":3812.6792534625,""right"":1914.8143712499989,""left-bottom"":4671.55990465,""right-bottom"":3175.7773390625002}"
134,2027-01-14,Mountains,adaptive-365/02-mountains/day-134-2027-01-14,https://picsum.photos/seed/ventoy-2027-01-14-134-43220434/4096/2354,1366x786,right-bottom,61,33,36,60,0.454,"{""left"":2532.4879024624993,""right"":2096.9532071625003,""left-bottom"":1753.0602064000002,""right-bottom"":1134.0081834000002}"
135,2027-01-15,Oceans,adaptive-365/03-oceans/day-135-2027-01-15,https://picsum.photos/seed/ventoy-2027-01-15-135-6308438/4096/2354,1366x786,left,3,20,36,60,0.504,"{""left"":685.0288786499999,""right"":1510.59487585,""left-bottom"":1373.8505954,""right-bottom"":1928.1049365624995}"
136,2027-01-16,Forests,adaptive-365/04-forests/day-136-2027-01-16,https://picsum.photos/seed/ventoy-2027-01-16-136-20209223/4096/2354,1366x786,left,3,20,36,60,0.3,"{""left"":2927.4921686625,""right"":3779.72568585,""left-bottom"":3069.6023999999998,""right-bottom"":3883.5963062499995}"
137,2027-01-17,Wildlife,adaptive-365/05-wildlife/day-137-2027-01-17,https://picsum.photos/seed/ventoy-2027-01-17-137-47000615/4096/2354,1366x786,left-bottom,3,33,36,60,0.495,"{""left"":2104.4521319625,""right"":4341.1935790625,""left-bottom"":760.5569289624999,""right-bottom"":3086.7606462500003}"
138,2027-01-18,Architecture,adaptive-365/06-architecture/day-138-2027-01-18,https://picsum.photos/seed/ventoy-2027-01-18-138-16697051/4096/2354,1366x786,left-bottom,3,33,36,60,0.365,"{""left"":2056.998148649999,""right"":2980.8845354,""left-bottom"":1932.4114249625004,""right-bottom"":3530.4421865625}"
139,2027-01-19,Cities,adaptive-365/07-cities/day-139-2027-01-19,https://picsum.photos/seed/ventoy-2027-01-19-139-11583250/4096/2354,1366x786,right-bottom,61,33,36,60,0.3,"{""left"":4945.157711849999,""right"":3452.7490740625,""left-bottom"":4919.965491399998,""right-bottom"":2782.50725625}"
140,2027-01-20,Space,adaptive-365/08-space/day-140-2027-01-20,https://picsum.photos/seed/ventoy-2027-01-20-140-15005059/4096/2354,1366x786,left-bottom,3,33,36,60,0.3,"{""left"":5703.0645706,""right"":5805.2367291625,""left-bottom"":4497.5532040625,""right-bottom"":4804.784289662499}"
141,2027-01-21,Technology,adaptive-365/09-technology/day-141-2027-01-21,https://picsum.photos/seed/ventoy-2027-01-21-141-74998829/4096/2354,1366x786,left,3,20,36,60,0.387,"{""left"":1739.4662744,""right"":5652.490604062499,""left-bottom"":2467.4529446,""right-bottom"":5395.026884162499}"
142,2027-01-22,Abstract,adaptive-365/10-abstract/day-142-2027-01-22,https://picsum.photos/seed/ventoy-2027-01-22-142-40477529/4096/2354,1366x786,right,61,20,36,60,0.569,"{""left"":3486.4581251624995,""right"":96.2227354000002,""left-bottom"":3365.1301696,""right-bottom"":103.81535439999979}"
143,2027-01-23,Minimal,adaptive-365/11-minimal/day-143-2027-01-23,https://picsum.photos/seed/ventoy-2027-01-23-143-5584937/4096/2354,1366x786,left-bottom,3,33,36,60,0.327,"{""left"":3404.9642491624995,""right"":2581.5010424624998,""left-bottom"":2275.9392164624996,""right-bottom"":2508.3622764624997}"
144,2027-01-24,Travel,adaptive-365/12-travel/day-144-2027-01-24,https://picsum.photos/seed/ventoy-2027-01-24-144-32869593/4096/2354,1366x786,right-bottom,61,33,36,60,0.543,"{""left"":2084.9969229625,""right"":383.3573046,""left-bottom"":1515.6968589624998,""right-bottom"":329.5979736}"
145,2027-01-25,Nature,adaptive-365/01-nature/day-145-2027-01-25,https://picsum.photos/seed/ventoy-2027-01-25-145-71663989/4096/2354,1366x786,right,61,20,36,60,0.422,"{""left"":2136.8849091624998,""right"":1425.4416389625,""left-bottom"":2929.91747685,""right-bottom"":2683.2191445999997}"
146,2027-01-26,Mountains,adaptive-365/02-mountains/day-146-2027-01-26,https://picsum.photos/seed/ventoy-2027-01-26-146-15581012/4096/2354,1366x786,left,3,20,36,60,0.409,"{""left"":1538.584316250001,""right"":5280.63366785,""left-bottom"":2116.401139999999,""right-bottom"":5196.495542399999}"
147,2027-01-27,Oceans,adaptive-365/03-oceans/day-147-2027-01-27,https://picsum.photos/seed/ventoy-2027-01-27-147-26723587/4096/2354,1366x786,left,3,20,36,60,0.497,"{""left"":749.8862615624997,""right"":1456.4217165625,""left-bottom"":805.5360193999994,""right-bottom"":1276.9283699625}"
148,2027-01-28,Forests,adaptive-365/04-forests/day-148-2027-01-28,https://picsum.photos/seed/ventoy-2027-01-28-148-33339160/4096/2354,1366x786,right,61,20,36,60,0.3,"{""left"":2961.2885376500003,""right"":2694.4336856,""left-bottom"":2884.292216562499,""right-bottom"":2755.040743462499}"
149,2027-01-29,Wildlife,adaptive-365/05-wildlife/day-149-2027-01-29,https://picsum.photos/seed/ventoy-2027-01-29-149-93182477/4096/2354,1366x786,left-bottom,3,33,36,60,0.3,"{""left"":3391.1637650000002,""right"":4491.610927962499,""left-bottom"":2854.4296311625,""right-bottom"":4436.780235849999}"
150,2027-01-30,Architecture,adaptive-365/06-architecture/day-150-2027-01-30,https://picsum.photos/seed/ventoy-2027-01-30-150-60095701/4096/2354,1366x786,right-bottom,61,33,36,60,0.563,"{""left"":3325.9091196499994,""right"":162.96982496249822,""left-bottom"":2319.2124885999992,""right-bottom"":154.45849166249783}"
151,2027-01-31,Cities,adaptive-365/07-cities/day-151-2027-01-31,https://picsum.photos/seed/ventoy-2027-01-31-151-1972120/4096/2354,1366x786,right-bottom,61,33,36,60,0.542,"{""left"":3550.612526599999,""right"":1305.935015,""left-bottom"":2527.9015326500003,""right-bottom"":342.38511965}"
152,2027-02-01,Space,adaptive-365/08-space/day-152-2027-02-01,https://picsum.photos/seed/ventoy-2027-02-01-152-56473375/4096/2354,1366x786,left-bottom,3,33,36,60,0.51,"{""left"":725.2648589624997,""right"":1102.5261386499997,""left-bottom"":630.5540562499999,""right-bottom"":1126.7070514}"
153,2027-02-02,Technology,adaptive-365/09-technology/day-153-2027-02-02,https://picsum.photos/seed/ventoy-2027-02-02-153-47222171/4096/2354,1366x786,right,61,20,36,60,0.577,"{""left"":2483.0268029624995,""right"":30.114486850000002,""left-bottom"":3111.62759965,""right-bottom"":40.7986059625}"
154,2027-02-03,Abstract,adaptive-365/10-abstract/day-154-2027-02-03,https://picsum.photos/seed/ventoy-2027-02-03-154-46641518/4096/2354,1366x786,right-bottom,61,33,36,60,0.467,"{""left"":3217.6585846499997,""right"":2083.1059115625,""left-bottom"":3706.8891655999996,""right-bottom"":1015.0972665624998}"
155,2027-02-04,Minimal,adaptive-365/11-minimal/day-155-2027-02-04,https://picsum.photos/seed/ventoy-2027-02-04-155-15006815/4096/2354,1366x786,right,61,20,36,60,0.306,"{""left"":2633.1335976499986,""right"":2467.6259546500005,""left-bottom"":3408.5719276624986,""right-bottom"":3019.3638919625005}"
156,2027-02-05,Travel,adaptive-365/12-travel/day-156-2027-02-05,https://picsum.photos/seed/ventoy-2027-02-05-156-66374448/4096/2354,1366x786,right,61,20,36,60,0.463,"{""left"":2066.4802765625,""right"":1052.8271654624996,""left-bottom"":2881.3345584624994,""right-bottom"":2065.470991562499}"
157,2027-02-06,Nature,adaptive-365/01-nature/day-157-2027-02-06,https://picsum.photos/seed/ventoy-2027-02-06-157-43100673/4096/2354,1366x786,right-bottom,61,33,36,60,0.396,"{""left"":1795.00237125,""right"":1756.2669266499997,""left-bottom"":1863.5858365999998,""right-bottom"":1653.6106093999997}"
158,2027-02-07,Mountains,adaptive-365/02-mountains/day-158-2027-02-07,https://picsum.photos/seed/ventoy-2027-02-07-158-85777547/4096/2354,1366x786,right-bottom,61,33,36,60,0.3,"{""left"":3235.10047985,""right"":4277.181196649999,""left-bottom"":3785.1838744625,""right-bottom"":2971.5070414624997}"
159,2027-02-08,Oceans,adaptive-365/03-oceans/day-159-2027-02-08,https://picsum.photos/seed/ventoy-2027-02-08-159-58567039/4096/2354,1366x786,left-bottom,3,33,36,60,0.3,"{""left"":6186.4464415625,""right"":6721.0334806625,""left-bottom"":3998.6323206624998,""right-bottom"":5621.1767516625}"
160,2027-02-09,Forests,adaptive-365/04-forests/day-160-2027-02-09,https://picsum.photos/seed/ventoy-2027-02-09-160-47906914/4096/2354,1366x786,right,61,20,36,60,0.387,"{""left"":2318.7024703999996,""right"":1738.4766849999996,""left-bottom"":2763.1674758500003,""right-bottom"":2275.8342331625}"
161,2027-02-10,Wildlife,adaptive-365/05-wildlife/day-161-2027-02-10,https://picsum.photos/seed/ventoy-2027-02-10-161-90381448/4096/2354,1366x786,right,61,20,36,60,0.355,"{""left"":3660.0874079625,""right"":2021.80724,""left-bottom"":3675.8828216,""right-bottom"":3300.5300181624993}"
162,2027-02-11,Architecture,adaptive-365/06-architecture/day-162-2027-02-11,https://picsum.photos/seed/ventoy-2027-02-11-162-12721182/4096/2354,1366x786,left,3,20,36,60,0.4,"{""left"":1620.163255962499,""right"":2571.485710649999,""left-bottom"":1680.797202662499,""right-bottom"":3370.607746249999}"
163,2027-02-12,Cities,adaptive-365/07-cities/day-163-2027-02-12,https://picsum.photos/seed/ventoy-2027-02-12-163-72059235/4096/2354,1366x786,left,3,20,36,60,0.531,"{""left"":437.4187415624991,""right"":485.2925616000004,""left-bottom"":734.3538959625006,""right-bottom"":674.6739809624992}"
164,2027-02-13,Space,adaptive-365/08-space/day-164-2027-02-13,https://picsum.photos/seed/ventoy-2027-02-13-164-66105495/4096/2354,1366x786,right,61,20,36,60,0.559,"{""left"":286.6027824000008,""right"":184.89765999999977,""left-bottom"":231.75939896249994,""right-bottom"":263.5892401625004}"
165,2027-02-14,Technology,adaptive-365/09-technology/day-165-2027-02-14,https://picsum.photos/seed/ventoy-2027-02-14-165-63697130/4096/2354,1366x786,right,61,20,36,60,0.557,"{""left"":1676.8736964624995,""right"":207.7256229625016,""left-bottom"":1711.4845874,""right-bottom"":591.5459256624981}"
166,2027-02-15,Abstract,adaptive-365/10-abstract/day-166-2027-02-15,https://picsum.photos/seed/ventoy-2027-02-15-166-25496388/4096/2354,1366x786,right,61,20,36,60,0.533,"{""left"":587.6461276625002,""right"":422.0249962499991,""left-bottom"":867.4561650000002,""right-bottom"":1048.8664229624994}"
167,2027-02-16,Minimal,adaptive-365/11-minimal/day-167-2027-02-16,https://picsum.photos/seed/ventoy-2027-02-16-167-28967201/4096/2354,1366x786,right-bottom,61,33,36,60,0.475,"{""left"":2141.180721249999,""right"":1309.6621474624992,""left-bottom"":1744.850197649999,""right-bottom"":949.1609412500009}"
168,2027-02-17,Travel,adaptive-365/12-travel/day-168-2027-02-17,https://picsum.photos/seed/ventoy-2027-02-17-168-86635772/4096/2354,1366x786,left-bottom,3,33,36,60,0.3,"{""left"":3343.536275,""right"":4358.777179962501,""left-bottom"":3232.3447841625,""right-bottom"":3724.7530246000006}"
169,2027-02-18,Nature,adaptive-365/01-nature/day-169-2027-02-18,https://picsum.photos/seed/ventoy-2027-02-18-169-86355665/4096/2354,1366x786,left-bottom,3,33,36,60,0.466,"{""left"":1144.9085874000002,""right"":2030.08249065,""left-bottom"":1027.9701063999998,""right-bottom"":1577.3543164624996}"
170,2027-02-19,Mountains,adaptive-365/02-mountains/day-170-2027-02-19,https://picsum.photos/seed/ventoy-2027-02-19-170-77988976/4096/2354,1366x786,left-bottom,3,33,36,60,0.518,"{""left"":1484.4632506,""right"":1388.4421531624998,""left-bottom"":554.8143074625,""right-bottom"":1217.3006961625001}"
171,2027-02-20,Oceans,adaptive-365/03-oceans/day-171-2027-02-20,https://picsum.photos/seed/ventoy-2027-02-20-171-26818833/4096/2354,1366x786,left-bottom,3,33,36,60,0.3,"{""left"":4218.635146649999,""right"":4375.429187399999,""left-bottom"":2623.8853255999998,""right-bottom"":3602.9725694624995}"
172,2027-02-21,Forests,adaptive-365/04-forests/day-172-2027-02-21,https://picsum.photos/seed/ventoy-2027-02-21-172-71620682/4096/2354,1366x786,left,3,20,36,60,0.578,"{""left"":19.29686266250014,""right"":139.66483840000183,""left-bottom"":20.124751462501294,""right-bottom"":440.9076212499991}"
173,2027-02-22,Wildlife,adaptive-365/05-wildlife/day-173-2027-02-22,https://picsum.photos/seed/ventoy-2027-02-22-173-41955263/4096/2354,1366x786,right,61,20,36,60,0.574,"{""left"":1800.6269056625006,""right"":54.64560860000104,""left-bottom"":1713.3926115625009,""right-bottom"":132.05178365000037}"
174,2027-02-23,Architecture,adaptive-365/06-architecture/day-174-2027-02-23,https://picsum.photos/seed/ventoy-2027-02-23-174-60785806/4096/2354,1366x786,right-bottom,61,33,36,60,0.388,"{""left"":1761.122924062501,""right"":2167.4335365625006,""left-bottom"":2474.53808265,""right-bottom"":1727.9962162499999}"
175,2027-02-24,Cities,adaptive-365/07-cities/day-175-2027-02-24,https://picsum.photos/seed/ventoy-2027-02-24-175-48256293/4096/2354,1366x786,right,61,20,36,60,0.3,"{""left"":2741.0598138500004,""right"":2618.4096379624993,""left-bottom"":2931.0920146500002,""right-bottom"":3049.4645615624995}"
176,2027-02-25,Space,adaptive-365/08-space/day-176-2027-02-25,https://picsum.photos/seed/ventoy-2027-02-25-176-80829475/4096/2354,1366x786,left,3,20,36,60,0.387,"{""left"":1739.4662744,""right"":5652.490604062499,""left-bottom"":2467.4529446,""right-bottom"":5395.026884162499}"
177,2027-02-26,Technology,adaptive-365/09-technology/day-177-2027-02-26,https://picsum.photos/seed/ventoy-2027-02-26-177-45513343/4096/2354,1366x786,left-bottom,3,33,36,60,0.567,"{""left"":246.10664340000005,""right"":972.6392576624996,""left-bottom"":116.33433656250004,""right-bottom"":808.2413739624999}"
178,2027-02-27,Abstract,adaptive-365/10-abstract/day-178-2027-02-27,https://picsum.photos/seed/ventoy-2027-02-27-178-72927185/4096/2354,1366x786,right,61,20,36,60,0.558,"{""left"":520.6513699625,""right"":197.96300785000008,""left-bottom"":489.1721174624997,""right-bottom"":199.89027166249994}"
179,2027-02-28,Minimal,adaptive-365/11-minimal/day-179-2027-02-28,https://picsum.photos/seed/ventoy-2027-02-28-179-28649359/4096/2354,1366x786,right-bottom,61,33,36,60,0.563,"{""left"":3325.9091196499994,""right"":162.96982496249822,""left-bottom"":2319.2124885999992,""right-bottom"":154.45849166249783}"
180,2027-03-01,Travel,adaptive-365/12-travel/day-180-2027-03-01,https://picsum.photos/seed/ventoy-2027-03-01-180-84969367/4096/2354,1366x786,right,61,20,36,60,0.511,"{""left"":2189.0474265625,""right"":624.7286738500002,""left-bottom"":1918.60822465,""right-bottom"":664.4593881625004}"
181,2027-03-02,Nature,adaptive-365/01-nature/day-181-2027-03-02,https://picsum.photos/seed/ventoy-2027-03-02-181-70614400/4096/2354,1366x786,left,3,20,36,60,0.428,"{""left"":1366.5490124624982,""right"":2474.0598915624987,""left-bottom"":1522.8667496000007,""right-bottom"":2674.688367962499}"
182,2027-03-03,Mountains,adaptive-365/02-mountains/day-182-2027-03-03,https://picsum.photos/seed/ventoy-2027-03-03-182-23696864/4096/2354,1366x786,right,61,20,36,60,0.391,"{""left"":3737.1372706499997,""right"":1702.40854885,""left-bottom"":3521.0188914,""right-bottom"":1791.0253819625}"
183,2027-03-04,Oceans,adaptive-365/03-oceans/day-183-2027-03-04,https://picsum.photos/seed/ventoy-2027-03-04-183-54274437/4096/2354,1366x786,left-bottom,3,33,36,60,0.547,"{""left"":439.61315625,""right"":2164.2800503999993,""left-bottom"":293.8657462499991,""right-bottom"":2176.3470154000006}"
184,2027-03-05,Forests,adaptive-365/04-forests/day-184-2027-03-05,https://picsum.photos/seed/ventoy-2027-03-05-184-3456205/4096/2354,1366x786,left,3,20,36,60,0.545,"{""left"":317.9965416500002,""right"":1686.0712943999995,""left-bottom"":531.7034156624995,""right-bottom"":1186.1890189624994}"
185,2027-03-06,Wildlife,adaptive-365/05-wildlife/day-185-2027-03-06,https://picsum.photos/seed/ventoy-2027-03-06-185-48080553/4096/2354,1366x786,right,61,20,36,60,0.462,"{""left"":1339.7034015999993,""right"":1061.082346249999,""left-bottom"":1419.23048585,""right-bottom"":1295.4936349625002}"
186,2027-03-07,Architecture,adaptive-365/06-architecture/day-186-2027-03-07,https://picsum.photos/seed/ventoy-2027-03-07-186-98041942/4096/2354,1366x786,right-bottom,61,33,36,60,0.513,"{""left"":2458.45770625,""right"":797.9440819625,""left-bottom"":2310.1333184,""right-bottom"":603.2342212499999}"
187,2027-03-08,Cities,adaptive-365/07-cities/day-187-2027-03-08,https://picsum.photos/seed/ventoy-2027-03-08-187-53857764/4096/2354,1366x786,right-bottom,61,33,36,60,0.567,"{""left"":2490.5654571624996,""right"":133.89520939999997,""left-bottom"":4727.748923162499,""right-bottom"":120.1316926}"
188,2027-03-09,Space,adaptive-365/08-space/day-188-2027-03-09,https://picsum.photos/seed/ventoy-2027-03-09-188-34075414/4096/2354,1366x786,left,3,20,36,60,0.314,"{""left"":2396.1876415624997,""right"":3946.68126385,""left-bottom"":3204.89921185,""right-bottom"":4847.49741985}"
189,2027-03-10,Technology,adaptive-365/09-technology/day-189-2027-03-10,https://picsum.photos/seed/ventoy-2027-03-10-189-2950212/4096/2354,1366x786,right,61,20,36,60,0.538,"{""left"":833.6380664000001,""right"":373.79490696249997,""left-bottom"":814.7163246624998,""right-bottom"":438.61368696249997}"
190,2027-03-11,Abstract,adaptive-365/10-abstract/day-190-2027-03-11,https://picsum.photos/seed/ventoy-2027-03-11-190-61339368/4096/2354,1366x786,right-bottom,61,33,36,60,0.403,"{""left"":2946.8959018500004,""right"":1809.053429062499,""left-bottom"":3309.6248634,""right-bottom"":1591.1289036624996}"
191,2027-03-12,Minimal,adaptive-365/11-minimal/day-191-2027-03-12,https://picsum.photos/seed/ventoy-2027-03-12-191-88877952/4096/2354,1366x786,right,61,20,36,60,0.511,"{""left"":1056.4982390624998,""right"":624.9903536499999,""left-bottom"":2035.4142134625008,""right-bottom"":1310.4762418499997}"
192,2027-03-13,Travel,adaptive-365/12-travel/day-192-2027-03-13,https://picsum.photos/seed/ventoy-2027-03-13-192-32857255/4096/2354,1366x786,right,61,20,36,60,0.3,"{""left"":6484.839085,""right"":6447.6850614,""left-bottom"":6954.5224515625,""right-bottom"":6991.969624649999}"
193,2027-03-14,Nature,adaptive-365/01-nature/day-193-2027-03-14,https://picsum.photos/seed/ventoy-2027-03-14-193-52053441/4096/2354,1366x786,left,3,20,36,60,0.464,"{""left"":1042.7031000000002,""right"":3858.90190625,""left-bottom"":1087.1316486624999,""right-bottom"":3363.0449038499996}"
194,2027-03-15,Mountains,adaptive-365/02-mountains/day-194-2027-03-15,https://picsum.photos/seed/ventoy-2027-03-15-194-63989128/4096/2354,1366x786,left,3,20,36,60,0.334,"{""left"":2218.424589399998,""right"":3800.643173462499,""left-bottom"":3577.777020462501,""right-bottom"":4129.713629599999}"
195,2027-03-16,Oceans,adaptive-365/03-oceans/day-195-2027-03-16,https://picsum.photos/seed/ventoy-2027-03-16-195-29205882/4096/2354,1366x786,left,3,20,36,60,0.567,"{""left"":113.870975,""right"":1955.9246478499997,""left-bottom"":238.54546296250072,""right-bottom"":2272.0907378499996}"
196,2027-03-17,Forests,adaptive-365/04-forests/day-196-2027-03-17,https://picsum.photos/seed/ventoy-2027-03-17-196-37773527/4096/2354,1366x786,left-bottom,3,33,36,60,0.435,"{""left"":1887.0138976624999,""right"":2012.9828538499996,""left-bottom"":1308.8940329624998,""right-bottom"":1476.5114286499997}"
197,2027-03-18,Wildlife,adaptive-365/05-wildlife/day-197-2027-03-18,https://picsum.photos/seed/ventoy-2027-03-18-197-3729169/4096/2354,1366x786,left-bottom,3,33,36,60,0.52,"{""left"":706.2096436625,""right"":2941.0672191625,""left-bottom"":540.5181376000002,""right-bottom"":2480.4036585999997}"
198,2027-03-19,Architecture,adaptive-365/06-architecture/day-198-2027-03-19,https://picsum.photos/seed/ventoy-2027-03-19-198-71095852/4096/2354,1366x786,right,61,20,36,60,0.3,"{""left"":2630.5605206624996,""right"":2610.5523859624996,""left-bottom"":2631.6897614625,""right-bottom"":2735.7083658500005}"
199,2027-03-20,Cities,adaptive-365/07-cities/day-199-2027-03-20,https://picsum.photos/seed/ventoy-2027-03-20-199-36180710/4096/2354,1366x786,left,3,20,36,60,0.488,"{""left"":829.3758126625,""right"":1150.5494069624997,""left-bottom"":2350.9248034,""right-bottom"":1897.6774874000002}"
200,2027-03-21,Space,adaptive-365/08-space/day-200-2027-03-21,https://picsum.photos/seed/ventoy-2027-03-21-200-77031204/4096/2354,1366x786,right-bottom,61,33,36,60,0.498,"{""left"":1685.5765106625001,""right"":748.8612069625,""left-bottom"":1598.4084466000002,""right-bottom"":738.5479116500001}"
201,2027-03-22,Technology,adaptive-365/09-technology/day-201-2027-03-22,https://picsum.photos/seed/ventoy-2027-03-22-201-61616663/4096/2354,1366x786,left-bottom,3,33,36,60,0.37,"{""left"":3320.6131141624996,""right"":4620.87426585,""left-bottom"":1888.1754040625,""right-bottom"":4372.896590662499}"
202,2027-03-23,Abstract,adaptive-365/10-abstract/day-202-2027-03-23,https://picsum.photos/seed/ventoy-2027-03-23-202-30837562/4096/2354,1366x786,left,3,20,36,60,0.409,"{""left"":1537.406780462499,""right"":1805.850449062501,""left-bottom"":2903.0639140625,""right-bottom"":2863.352663650001}"
203,2027-03-24,Minimal,adaptive-365/11-minimal/day-203-2027-03-24,https://picsum.photos/seed/ventoy-2027-03-24-203-7606996/4096/2354,1366x786,right,61,20,36,60,0.378,"{""left"":2040.0115346624996,""right"":1814.5343874,""left-bottom"":2387.27536065,""right-bottom"":2407.246259662499}"
204,2027-03-25,Travel,adaptive-365/12-travel/day-204-2027-03-25,https://picsum.photos/seed/ventoy-2027-03-25-204-80076272/4096/2354,1366x786,left,3,20,36,60,0.366,"{""left"":1924.7875098499994,""right"":2406.137525,""left-bottom"":2113.1063598499995,""right-bottom"":2671.8675518499995}"
205,2027-03-26,Nature,adaptive-365/01-nature/day-205-2027-03-26,https://picsum.photos/seed/ventoy-2027-03-26-205-82525484/4096/2354,1366x786,left-bottom,3,33,36,60,0.325,"{""left"":3152.30991665,""right"":3057.801102162499,""left-bottom"":2297.96878665,""right-bottom"":2331.6407354000003}"
206,2027-03-27,Mountains,adaptive-365/02-mountains/day-206-2027-03-27,https://picsum.photos/seed/ventoy-2027-03-27-206-62297017/4096/2354,1366x786,right,61,20,36,60,0.3,"{""left"":2630.5605206624996,""right"":2610.5523859624996,""left-bottom"":2631.6897614625,""right-bottom"":2735.7083658500005}"
207,2027-03-28,Oceans,adaptive-365/03-oceans/day-207-2027-03-28,https://picsum.photos/seed/ventoy-2027-03-28-207-37601389/4096/2354,1366x786,right-bottom,61,33,36,60,0.3,"{""left"":4369.1485344625,""right"":3334.39230865,""left-bottom"":3900.3941165625,""right-bottom"":3085.5994385999998}"
208,2027-03-29,Forests,adaptive-365/04-forests/day-208-2027-03-29,https://picsum.photos/seed/ventoy-2027-03-29-208-4559346/4096/2354,1366x786,right-bottom,61,33,36,60,0.3,"{""left"":4715.811062462501,""right"":2784.2236543999998,""left-bottom"":4189.009618962499,""right-bottom"":2632.9446496624996}"
209,2027-03-30,Wildlife,adaptive-365/05-wildlife/day-209-2027-03-30,https://picsum.photos/seed/ventoy-2027-03-30-209-20310810/4096/2354,1366x786,left-bottom,3,33,36,60,0.3,"{""left"":3605.416501162501,""right"":4687.4787551625,""left-bottom"":2835.9552956499974,""right-bottom"":4951.157691562499}"
210,2027-03-31,Architecture,adaptive-365/06-architecture/day-210-2027-03-31,https://picsum.photos/seed/ventoy-2027-03-31-210-35785191/4096/2354,1366x786,right,61,20,36,60,0.408,"{""left"":2422.151671249999,""right"":1545.7614568500012,""left-bottom"":2541.2034859624996,""right-bottom"":1616.3106408500014}"
211,2027-04-01,Cities,adaptive-365/07-cities/day-211-2027-04-01,https://picsum.photos/seed/ventoy-2027-04-01-211-66832442/4096/2354,1366x786,right-bottom,61,33,36,60,0.441,"{""left"":2099.1449140625,""right"":1573.0242838499998,""left-bottom"":2718.5487649624993,""right-bottom"":1254.1673313999997}"
212,2027-04-02,Space,adaptive-365/08-space/day-212-2027-04-02,https://picsum.photos/seed/ventoy-2027-04-02-212-10050823/4096/2354,1366x786,left-bottom,3,33,36,60,0.325,"{""left"":2465.6258581624998,""right"":4802.3165165625,""left-bottom"":2292.1877978499997,""right-bottom"":4602.9096411625}"
213,2027-04-03,Technology,adaptive-365/09-technology/day-213-2027-04-03,https://picsum.photos/seed/ventoy-2027-04-03-213-96793069/4096/2354,1366x786,right,61,20,36,60,0.509,"{""left"":2082.8936306624996,""right"":637.9653364624999,""left-bottom"":1875.4809462500002,""right-bottom"":751.8229599999997}"
214,2027-04-04,Abstract,adaptive-365/10-abstract/day-214-2027-04-04,https://picsum.photos/seed/ventoy-2027-04-04-214-72804594/4096/2354,1366x786,right-bottom,61,33,36,60,0.527,"{""left"":1467.6033040625002,""right"":615.6881711625,""left-bottom"":2183.1237365624997,""right-bottom"":475.643635}"
215,2027-04-05,Minimal,adaptive-365/11-minimal/day-215-2027-04-05,https://picsum.photos/seed/ventoy-2027-04-05-215-460901/4096/2354,1366x786,left,3,20,36,60,0.474,"{""left"":957.8766326625018,""right"":996.0826221624985,""left-bottom"":1490.2471044625006,""right-bottom"":1394.484646962501}"
216,2027-04-06,Travel,adaptive-365/12-travel/day-216-2027-04-06,https://picsum.photos/seed/ventoy-2027-04-06-216-72531556/4096/2354,1366x786,left,3,20,36,60,0.504,"{""left"":684.6019774624996,""right"":1936.9286650000001,""left-bottom"":733.5476564624994,""right-bottom"":1841.9714662499998}"
217,2027-04-07,Nature,adaptive-365/01-nature/day-217-2027-04-07,https://picsum.photos/seed/ventoy-2027-04-07-217-54687574/4096/2354,1366x786,right-bottom,61,33,36,60,0.3,"{""left"":4123.956549062501,""right"":2748.1933111624994,""left-bottom"":3504.739427849999,""right-bottom"":2720.4706790625}"
218,2027-04-08,Mountains,adaptive-365/02-mountains/day-218-2027-04-08,https://picsum.photos/seed/ventoy-2027-04-08-218-6248933/4096/2354,1366x786,right-bottom,61,33,36,60,0.344,"{""left"":2651.3883046500005,""right"":2949.933147662501,""left-bottom"":2572.9418001625,""right-bottom"":2120.7962240624997}"
219,2027-04-09,Oceans,adaptive-365/03-oceans/day-219-2027-04-09,https://picsum.photos/seed/ventoy-2027-04-09-219-73079861/4096/2354,1366x786,right-bottom,61,33,36,60,0.3,"{""left"":3078.02909265,""right"":5393.792762462499,""left-bottom"":2906.8953415625,""right-bottom"":2733.9602871624998}"
220,2027-04-10,Forests,adaptive-365/04-forests/day-220-2027-04-10,https://picsum.photos/seed/ventoy-2027-04-10-220-4430182/4096/2354,1366x786,left,3,20,36,60,0.396,"{""left"":1656.2495849999996,""right"":1781.2908462500002,""left-bottom"":1788.1563336,""right-bottom"":1892.0209361625004}"
221,2027-04-11,Wildlife,adaptive-365/05-wildlife/day-221-2027-04-11,https://picsum.photos/seed/ventoy-2027-04-11-221-53560602/4096/2354,1366x786,left-bottom,3,33,36,60,0.3,"{""left"":4218.635146649999,""right"":4375.429187399999,""left-bottom"":2623.8853255999998,""right-bottom"":3602.9725694624995}"
222,2027-04-12,Architecture,adaptive-365/06-architecture/day-222-2027-04-12,https://picsum.photos/seed/ventoy-2027-04-12-222-38753021/4096/2354,1366x786,left-bottom,3,33,36,60,0.3,"{""left"":3535.1088855999997,""right"":4168.573254062499,""left-bottom"":2528.7800856,""right-bottom"":4410.1651699625}"
223,2027-04-13,Cities,adaptive-365/07-cities/day-223-2027-04-13,https://picsum.photos/seed/ventoy-2027-04-13-223-15283523/4096/2354,1366x786,right,61,20,36,60,0.47,"{""left"":5756.5858011625005,""right"":991.96707125,""left-bottom"":5545.370285000001,""right-bottom"":2297.0821040625}"
224,2027-04-14,Space,adaptive-365/08-space/day-224-2027-04-14,https://picsum.photos/seed/ventoy-2027-04-14-224-48682667/4096/2354,1366x786,left-bottom,3,33,36,60,0.355,"{""left"":2590.2772904,""right"":3183.3555949624997,""left-bottom"":2023.4033486499998,""right-bottom"":3547.5347786625}"
225,2027-04-15,Technology,adaptive-365/09-technology/day-225-2027-04-15,https://picsum.photos/seed/ventoy-2027-04-15-225-54089174/4096/2354,1366x786,left-bottom,3,33,36,60,0.385,"{""left"":2015.3380990624996,""right"":3463.4908662499993,""left-bottom"":1753.9769376625,""right-bottom"":3153.9367390625}"
226,2027-04-16,Abstract,adaptive-365/10-abstract/day-226-2027-04-16,https://picsum.photos/seed/ventoy-2027-04-16-226-8988335/4096/2354,1366x786,left-bottom,3,33,36,60,0.488,"{""left"":1064.1449786000005,""right"":1734.171568649999,""left-bottom"":831.6853396624989,""right-bottom"":1316.0625536000007}"
227,2027-04-17,Minimal,adaptive-365/11-minimal/day-227-2027-04-17,https://picsum.photos/seed/ventoy-2027-04-17-227-89416728/4096/2354,1366x786,right-bottom,61,33,36,60,0.384,"{""left"":2625.8275593999997,""right"":2586.6857914,""left-bottom"":2544.6707379624995,""right-bottom"":1766.9298359625}"
228,2027-04-18,Travel,adaptive-365/12-travel/day-228-2027-04-18,https://picsum.photos/seed/ventoy-2027-04-18-228-68513053/4096/2354,1366x786,left-bottom,3,33,36,60,0.3,"{""left"":4616.4983346,""right"":4515.6281816625,""left-bottom"":4432.250304462499,""right-bottom"":4544.543038649999}"
229,2027-04-19,Nature,adaptive-365/01-nature/day-229-2027-04-19,https://picsum.photos/seed/ventoy-2027-04-19-229-26215321/4096/2354,1366x786,right-bottom,61,33,36,60,0.448,"{""left"":2918.8074924625,""right"":1853.9723366499998,""left-bottom"":1841.41206065,""right-bottom"":1191.5509729624994}"
230,2027-04-20,Mountains,adaptive-365/02-mountains/day-230-2027-04-20,https://picsum.photos/seed/ventoy-2027-04-20-230-96011179/4096/2354,1366x786,right-bottom,61,33,36,60,0.494,"{""left"":1641.2522836625,""right"":927.8525386625001,""left-bottom"":1333.85856625,""right-bottom"":771.4116740625}"
231,2027-04-21,Oceans,adaptive-365/03-oceans/day-231-2027-04-21,https://picsum.photos/seed/ventoy-2027-04-21-231-19886416/4096/2354,1366x786,right-bottom,61,33,36,60,0.499,"{""left"":1720.4928494625,""right"":1069.3845551624995,""left-bottom"":1259.0322162499997,""right-bottom"":728.3532598499994}"
232,2027-04-22,Forests,adaptive-365/04-forests/day-232-2027-04-22,https://picsum.photos/seed/ventoy-2027-04-22-232-58748721/4096/2354,1366x786,right,61,20,36,60,0.402,"{""left"":1654.43935565,""right"":1605.0477594625,""left-bottom"":1871.1984783999999,""right-bottom"":2173.3187266624996}"
233,2027-04-23,Wildlife,adaptive-365/05-wildlife/day-233-2027-04-23,https://picsum.photos/seed/ventoy-2027-04-23-233-76619707/4096/2354,1366x786,right,61,20,36,60,0.408,"{""left"":2243.5997434624987,""right"":1544.8613364624998,""left-bottom"":1958.2294436624989,""right-bottom"":1584.0571086625}"
234,2027-04-24,Architecture,adaptive-365/06-architecture/day-234-2027-04-24,https://picsum.photos/seed/ventoy-2027-04-24-234-18486731/4096/2354,1366x786,right,61,20,36,60,0.559,"{""left"":294.22094996250047,""right"":192.63132465,""left-bottom"":240.94297316249904,""right-bottom"":364.14048656250094}"
235,2027-04-25,Cities,adaptive-365/07-cities/day-235-2027-04-25,https://picsum.photos/seed/ventoy-2027-04-25-235-18667683/4096/2354,1366x786,right,61,20,36,60,0.306,"{""left"":2633.1335976499986,""right"":2467.6259546500005,""left-bottom"":3408.5719276624986,""right-bottom"":3019.3638919625005}"
236,2027-04-26,Space,adaptive-365/08-space/day-236-2027-04-26,https://picsum.photos/seed/ventoy-2027-04-26-236-75561989/4096/2354,1366x786,right,61,20,36,60,0.415,"{""left"":1567.9553308500006,""right"":1481.1544208499995,""left-bottom"":1625.223955650001,""right-bottom"":1580.9520712499989}"
237,2027-04-27,Technology,adaptive-365/09-technology/day-237-2027-04-27,https://picsum.photos/seed/ventoy-2027-04-27-237-8581304/4096/2354,1366x786,right-bottom,61,33,36,60,0.55,"{""left"":386.5694866624996,""right"":338.1765833999991,""left-bottom"":343.5013490625009,""right-bottom"":266.1550186499991}"
238,2027-04-28,Abstract,adaptive-365/10-abstract/day-238-2027-04-28,https://picsum.photos/seed/ventoy-2027-04-28-238-72350041/4096/2354,1366x786,right-bottom,61,33,36,60,0.394,"{""left"":2842.41695485,""right"":1716.333706662499,""left-bottom"":2748.7789276500016,""right-bottom"":1671.1789824000007}"
239,2027-04-29,Minimal,adaptive-365/11-minimal/day-239-2027-04-29,https://picsum.photos/seed/ventoy-2027-04-29-239-25325523/4096/2354,1366x786,right,61,20,36,60,0.3,"{""left"":3728.0156459625,""right"":3537.2305476499987,""left-bottom"":4773.94715625,""right-bottom"":4477.765236562501}"
240,2027-04-30,Travel,adaptive-365/12-travel/day-240-2027-04-30,https://picsum.photos/seed/ventoy-2027-04-30-240-81613793/4096/2354,1366x786,right,61,20,36,60,0.536,"{""left"":4273.1257136,""right"":394.0960486625016,""left-bottom"":3157.5261581625,""right-bottom"":1019.1403288499996}"
241,2027-05-01,Nature,adaptive-365/01-nature/day-241-2027-05-01,https://picsum.photos/seed/ventoy-2027-05-01-241-76832810/4096/2354,1366x786,left,3,20,36,60,0.37,"{""left"":1889.65477065,""right"":2470.7648946000004,""left-bottom"":1994.9235719624999,""right-bottom"":2087.6337606625}"
242,2027-05-02,Mountains,adaptive-365/02-mountains/day-242-2027-05-02,https://picsum.photos/seed/ventoy-2027-05-02-242-37830230/4096/2354,1366x786,left-bottom,3,33,36,60,0.501,"{""left"":1604.1150909625,""right"":1754.2938616000004,""left-bottom"":713.5380349625,""right-bottom"":906.8833815999999}"
243,2027-05-03,Oceans,adaptive-365/03-oceans/day-243-2027-05-03,https://picsum.photos/seed/ventoy-2027-05-03-243-25291210/4096/2354,1366x786,right,61,20,36,60,0.3,"{""left"":4352.822478400001,""right"":2746.333826962499,""left-bottom"":3763.74353265,""right-bottom"":3964.904167962499}"
244,2027-05-04,Forests,adaptive-365/04-forests/day-244-2027-05-04,https://picsum.photos/seed/ventoy-2027-05-04-244-59580902/4096/2354,1366x786,left-bottom,3,33,36,60,0.546,"{""left"":371.9269540625003,""right"":489.4169376000001,""left-bottom"":306.3900034625001,""right-bottom"":406.8446359625}"
245,2027-05-05,Wildlife,adaptive-365/05-wildlife/day-245-2027-05-05,https://picsum.photos/seed/ventoy-2027-05-05-245-74581056/4096/2354,1366x786,left-bottom,3,33,36,60,0.3,"{""left"":3736.7303961625003,""right"":4919.0237034625,""left-bottom"":2996.5742546625,""right-bottom"":4356.62293265}"
246,2027-05-06,Architecture,adaptive-365/06-architecture/day-246-2027-05-06,https://picsum.photos/seed/ventoy-2027-05-06-246-63405135/4096/2354,1366x786,right-bottom,61,33,36,60,0.353,"{""left"":2342.461172850001,""right"":2183.4061206000006,""left-bottom"":2422.4633619625,""right-bottom"":2046.5982855999998}"
247,2027-05-07,Cities,adaptive-365/07-cities/day-247-2027-05-07,https://picsum.photos/seed/ventoy-2027-05-07-247-8356702/4096/2354,1366x786,right-bottom,61,33,36,60,0.488,"{""left"":1360.5840404624998,""right"":1002.8474665625001,""left-bottom"":843.2417196625005,""right-bottom"":832.0576021625}"
248,2027-05-08,Space,adaptive-365/08-space/day-248-2027-05-08,https://picsum.photos/seed/ventoy-2027-05-08-248-22345911/4096/2354,1366x786,left-bottom,3,33,36,60,0.511,"{""left"":1959.2927499625,""right"":5315.2287279625,""left-bottom"":620.4632790625001,""right-bottom"":3504.9917162499996}"
249,2027-05-09,Technology,adaptive-365/09-technology/day-249-2027-05-09,https://picsum.photos/seed/ventoy-2027-05-09-249-19062297/4096/2354,1366x786,left,3,20,36,60,0.346,"{""left"":2104.5449944624997,""right"":2766.43702585,""left-bottom"":2342.6890184,""right-bottom"":2580.2310426}"
250,2027-05-10,Abstract,adaptive-365/10-abstract/day-250-2027-05-10,https://picsum.photos/seed/ventoy-2027-05-10-250-87752737/4096/2354,1366x786,right-bottom,61,33,36,60,0.4,"{""left"":4851.701424999999,""right"":1864.92920065,""left-bottom"":4361.089283849999,""right-bottom"":1619.6276504624998}"
251,2027-05-11,Minimal,adaptive-365/11-minimal/day-251-2027-05-11,https://picsum.photos/seed/ventoy-2027-05-11-251-98254688/4096/2354,1366x786,right-bottom,61,33,36,60,0.3,"{""left"":5299.2819914,""right"":3021.98465985,""left-bottom"":4684.29784625,""right-bottom"":2586.0378746624997}"
252,2027-05-12,Travel,adaptive-365/12-travel/day-252-2027-05-12,https://picsum.photos/seed/ventoy-2027-05-12-252-81614548/4096/2354,1366x786,right-bottom,61,33,36,60,0.553,"{""left"":969.8287319625,""right"":610.0646014624999,""left-bottom"":1047.1414696,""right-bottom"":245.05837125}"
253,2027-05-13,Nature,adaptive-365/01-nature/day-253-2027-05-13,https://picsum.photos/seed/ventoy-2027-05-13-253-2331769/4096/2354,1366x786,left,3,20,36,60,0.498,"{""left"":735.5694674624998,""right"":2715.7075749625,""left-bottom"":865.3230273999998,""right-bottom"":3373.1849154624997}"
254,2027-05-14,Mountains,adaptive-365/02-mountains/day-254-2027-05-14,https://picsum.photos/seed/ventoy-2027-05-14-254-6136770/4096/2354,1366x786,left,3,20,36,60,0.3,"{""left"":3615.6541786000003,""right"":5545.715490662499,""left-bottom"":4503.883666599999,""right-bottom"":5554.3988399625}"
255,2027-05-15,Oceans,adaptive-365/03-oceans/day-255-2027-05-15,https://picsum.photos/seed/ventoy-2027-05-15-255-97161441/4096/2354,1366x786,right-bottom,61,33,36,60,0.525,"{""left"":1082.7010124624983,""right"":2665.14913885,""left-bottom"":1402.5895691625012,""right-bottom"":498.94803840000003}"
256,2027-05-16,Forests,adaptive-365/04-forests/day-256-2027-05-16,https://picsum.photos/seed/ventoy-2027-05-16-256-73418665/4096/2354,1366x786,right,61,20,36,60,0.3,"{""left"":2741.0598138500004,""right"":2618.4096379624993,""left-bottom"":2931.0920146500002,""right-bottom"":3049.4645615624995}"
257,2027-05-17,Wildlife,adaptive-365/05-wildlife/day-257-2027-05-17,https://picsum.photos/seed/ventoy-2027-05-17-257-55995110/4096/2354,1366x786,left-bottom,3,33,36,60,0.533,"{""left"":510.20342639999996,""right"":1034.85091365,""left-bottom"":425.1926376625,""right-bottom"":702.6179829625002}"
258,2027-05-18,Architecture,adaptive-365/06-architecture/day-258-2027-05-18,https://picsum.photos/seed/ventoy-2027-05-18-258-29513729/4096/2354,1366x786,right-bottom,61,33,36,60,0.3,"{""left"":4784.031139999998,""right"":5069.4533199625,""left-bottom"":4675.9723746624995,""right-bottom"":4364.78757865}"
259,2027-05-19,Cities,adaptive-365/07-cities/day-259-2027-05-19,https://picsum.photos/seed/ventoy-2027-05-19-259-58343084/4096/2354,1366x786,left-bottom,3,33,36,60,0.523,"{""left"":545.4579853999999,""right"":3139.908505599999,""left-bottom"":513.7220694,""right-bottom"":2309.3292196500015}"
260,2027-05-20,Space,adaptive-365/08-space/day-260-2027-05-20,https://picsum.photos/seed/ventoy-2027-05-20-260-76081382/4096/2354,1366x786,left-bottom,3,33,36,60,0.473,"{""left"":1491.7822615624998,""right"":1886.2759779624996,""left-bottom"":962.0175219624999,""right-bottom"":2426.5428749999996}"
261,2027-05-21,Technology,adaptive-365/09-technology/day-261-2027-05-21,https://picsum.photos/seed/ventoy-2027-05-21-261-52702731/4096/2354,1366x786,right,61,20,36,60,0.563,"{""left"":252.52962584999995,""right"":149.20244516249997,""left-bottom"":364.795825,""right-bottom"":193.9885438500001}"
262,2027-05-22,Abstract,adaptive-365/10-abstract/day-262-2027-05-22,https://picsum.photos/seed/ventoy-2027-05-22-262-79777795/4096/2354,1366x786,left-bottom,3,33,36,60,0.555,"{""left"":317.7415706625,""right"":654.6829659625,""left-bottom"":228.0615936625,""right-bottom"":520.1400314}"
263,2027-05-23,Minimal,adaptive-365/11-minimal/day-263-2027-05-23,https://picsum.photos/seed/ventoy-2027-05-23-263-76459289/4096/2354,1366x786,left-bottom,3,33,36,60,0.343,"{""left"":3117.8747158499996,""right"":4020.4439641624995,""left-bottom"":2131.7643106,""right-bottom"":2235.7846886499997}"
264,2027-05-24,Travel,adaptive-365/12-travel/day-264-2027-05-24,https://picsum.photos/seed/ventoy-2027-05-24-264-51693928/4096/2354,1366x786,right,61,20,36,60,0.377,"{""left"":3735.51273585,""right"":1822.5378559624992,""left-bottom"":3159.1925783999995,""right-bottom"":2370.9812106499994}"
265,2027-05-25,Nature,adaptive-365/01-nature/day-265-2027-05-25,https://picsum.photos/seed/ventoy-2027-05-25-265-48675192/4096/2354,1366x786,right,61,20,36,60,0.478,"{""left"":2017.2683966625,""right"":920.4807316625001,""left-bottom"":2580.2756006624995,""right-bottom"":1019.3748615625}"
266,2027-05-26,Mountains,adaptive-365/02-mountains/day-266-2027-05-26,https://picsum.photos/seed/ventoy-2027-05-26-266-90534364/4096/2354,1366x786,left,3,20,36,60,0.551,"{""left"":257.9123966625005,""right"":384.36711499999905,""left-bottom"":499.056310662499,""right-bottom"":530.866734462501}"
267,2027-05-27,Oceans,adaptive-365/03-oceans/day-267-2027-05-27,https://picsum.photos/seed/ventoy-2027-05-27-267-49979988/4096/2354,1366x786,left,3,20,36,60,0.561,"{""left"":171.08205266250036,""right"":185.0601365625009,""left-bottom"":255.9974954,""right-bottom"":556.1874669625006}"
268,2027-05-28,Forests,adaptive-365/04-forests/day-268-2027-05-28,https://picsum.photos/seed/ventoy-2027-05-28-268-68679819/4096/2354,1366x786,right,61,20,36,60,0.555,"{""left"":288.94183125,""right"":224.3053162500009,""left-bottom"":581.2439588499979,""right-bottom"":270.2044040624991}"
269,2027-05-29,Wildlife,adaptive-365/05-wildlife/day-269-2027-05-29,https://picsum.photos/seed/ventoy-2027-05-29-269-34486387/4096/2354,1366x786,right-bottom,61,33,36,60,0.344,"{""left"":2651.3883046500005,""right"":2949.933147662501,""left-bottom"":2572.9418001625,""right-bottom"":2120.7962240624997}"
270,2027-05-30,Architecture,adaptive-365/06-architecture/day-270-2027-05-30,https://picsum.photos/seed/ventoy-2027-05-30-270-35388524/4096/2354,1366x786,left-bottom,3,33,36,60,0.416,"{""left"":2301.5081694625,""right"":2152.3995406,""left-bottom"":1476.10598085,""right-bottom"":1862.0291264625}"
271,2027-05-31,Cities,adaptive-365/07-cities/day-271-2027-05-31,https://picsum.photos/seed/ventoy-2027-05-31-271-97463090/4096/2354,1366x786,left,3,20,36,60,0.572,"{""left"":70.58003499999998,""right"":129.4855959625,""left-bottom"":80.72722616249996,""right-bottom"":139.7246356500001}"
272,2027-06-01,Space,adaptive-365/08-space/day-272-2027-06-01,https://picsum.photos/seed/ventoy-2027-06-01-272-78209814/4096/2354,1366x786,left,3,20,36,60,0.543,"{""left"":330.91451146249995,""right"":1598.0291518500007,""left-bottom"":1471.9210494625004,""right-bottom"":2916.1113154625}"
273,2027-06-02,Technology,adaptive-365/09-technology/day-273-2027-06-02,https://picsum.photos/seed/ventoy-2027-06-02-273-76112710/4096/2354,1366x786,left-bottom,3,33,36,60,0.398,"{""left"":3001.4783390625,""right"":3753.7508869625,""left-bottom"":1635.3109676499998,""right-bottom"":2239.1282696624994}"
274,2027-06-03,Abstract,adaptive-365/10-abstract/day-274-2027-06-03,https://picsum.photos/seed/ventoy-2027-06-03-274-60456976/4096/2354,1366x786,right-bottom,61,33,36,60,0.352,"{""left"":4747.2979456625,""right"":2503.0371999999998,""left-bottom"":4975.4430144,""right-bottom"":2049.241504062499}"
275,2027-06-04,Minimal,adaptive-365/11-minimal/day-275-2027-06-04,https://picsum.photos/seed/ventoy-2027-06-04-275-55564580/4096/2354,1366x786,right-bottom,61,33,36,60,0.541,"{""left"":1005.0797534000009,""right"":525.1906496500001,""left-bottom"":618.1450611624994,""right-bottom"":350.0440071624995}"
276,2027-06-05,Travel,adaptive-365/12-travel/day-276-2027-06-05,https://picsum.photos/seed/ventoy-2027-06-05-276-99968855/4096/2354,1366x786,left-bottom,3,33,36,60,0.385,"{""left"":2559.9211046625005,""right"":3535.3372709625005,""left-bottom"":1757.6273754000003,""right-bottom"":3037.01552585}"
277,2027-06-06,Nature,adaptive-365/01-nature/day-277-2027-06-06,https://picsum.photos/seed/ventoy-2027-06-06-277-41371489/4096/2354,1366x786,right,61,20,36,60,0.49,"{""left"":1396.119324662502,""right"":811.3108350000009,""left-bottom"":1896.0856496000006,""right-bottom"":1724.313724062501}"
278,2027-06-07,Mountains,adaptive-365/02-mountains/day-278-2027-06-07,https://picsum.photos/seed/ventoy-2027-06-07-278-83990173/4096/2354,1366x786,left-bottom,3,33,36,60,0.3,"{""left"":5165.301358462499,""right"":4803.2633594,""left-bottom"":2633.7542294625,""right-bottom"":4079.4537386499997}"
279,2027-06-08,Oceans,adaptive-365/03-oceans/day-279-2027-06-08,https://picsum.photos/seed/ventoy-2027-06-08-279-40949643/4096/2354,1366x786,right,61,20,36,60,0.3,"{""left"":3952.3206576000002,""right"":3149.21339185,""left-bottom"":4095.9974165624985,""right-bottom"":3694.456038399999}"
280,2027-06-09,Forests,adaptive-365/04-forests/day-280-2027-06-09,https://picsum.photos/seed/ventoy-2027-06-09-280-22377394/4096/2354,1366x786,left-bottom,3,33,36,60,0.5,"{""left"":721.1613334625,""right"":1409.6114308499998,""left-bottom"":719.0909165625001,""right-bottom"":1270.5025646000001}"
281,2027-06-10,Wildlife,adaptive-365/05-wildlife/day-281-2027-06-10,https://picsum.photos/seed/ventoy-2027-06-10-281-88330319/4096/2354,1366x786,right-bottom,61,33,36,60,0.492,"{""left"":1585.9709412500001,""right"":1352.41018465,""left-bottom"":1593.9691165625,""right-bottom"":791.8366365625}"
282,2027-06-11,Architecture,adaptive-365/06-architecture/day-282-2027-06-11,https://picsum.photos/seed/ventoy-2027-06-11-282-42498265/4096/2354,1366x786,left,3,20,36,60,0.531,"{""left"":439.05122416249964,""right"":2562.4345412500006,""left-bottom"":482.61276046250157,""right-bottom"":3781.8217169625004}"
283,2027-06-12,Cities,adaptive-365/07-cities/day-283-2027-06-12,https://picsum.photos/seed/ventoy-2027-06-12-283-12508394/4096/2354,1366x786,right-bottom,61,33,36,60,0.543,"{""left"":1671.8054105999997,""right"":531.56003125,""left-bottom"":1906.6090665624997,""right-bottom"":332.9221644625}"
284,2027-06-13,Space,adaptive-365/08-space/day-284-2027-06-13,https://picsum.photos/seed/ventoy-2027-06-13-284-41234468/4096/2354,1366x786,right-bottom,61,33,36,60,0.3,"{""left"":4728.846194400001,""right"":4033.1887716625006,""left-bottom"":4616.776870962501,""right-bottom"":3992.2164144625003}"
285,2027-06-14,Technology,adaptive-365/09-technology/day-285-2027-06-14,https://picsum.photos/seed/ventoy-2027-06-14-285-26014599/4096/2354,1366x786,left,3,20,36,60,0.493,"{""left"":784.2083416000008,""right"":1562.5516498499996,""left-bottom"":980.998279062499,""right-bottom"":1829.152295400001}"
286,2027-06-15,Abstract,adaptive-365/10-abstract/day-286-2027-06-15,https://picsum.photos/seed/ventoy-2027-06-15-286-41710408/4096/2354,1366x786,left,3,20,36,60,0.397,"{""left"":1644.5681946625004,""right"":1936.6164866499996,""left-bottom"":2632.7983074,""right-bottom"":3034.1703662499995}"
287,2027-06-16,Minimal,adaptive-365/11-minimal/day-287-2027-06-16,https://picsum.photos/seed/ventoy-2027-06-16-287-27412612/4096/2354,1366x786,right,61,20,36,60,0.542,"{""left"":456.41565396249996,""right"":344.9074418499998,""left-bottom"":554.6511491624999,""right-bottom"":520.6052095999999}"
288,2027-06-17,Travel,adaptive-365/12-travel/day-288-2027-06-17,https://picsum.photos/seed/ventoy-2027-06-17-288-51055284/4096/2354,1366x786,left-bottom,3,33,36,60,0.3,"{""left"":4103.378649849999,""right"":5300.148054162501,""left-bottom"":2791.4350306624997,""right-bottom"":3675.3184874}"
289,2027-06-18,Nature,adaptive-365/01-nature/day-289-2027-06-18,https://picsum.photos/seed/ventoy-2027-06-18-289-87620587/4096/2354,1366x786,right,61,20,36,60,0.485,"{""left"":3220.6849559625,""right"":857.9464478499997,""left-bottom"":2771.174190649999,""right-bottom"":1187.2258478499998}"
290,2027-06-19,Mountains,adaptive-365/02-mountains/day-290-2027-06-19,https://picsum.photos/seed/ventoy-2027-06-19-290-44852557/4096/2354,1366x786,right-bottom,61,33,36,60,0.521,"{""left"":1000.4998084624999,""right"":622.2299113999998,""left-bottom"":1121.1819600000001,""right-bottom"":526.5910465999999}"
291,2027-06-20,Oceans,adaptive-365/03-oceans/day-291-2027-06-20,https://picsum.photos/seed/ventoy-2027-06-20-291-95710144/4096/2354,1366x786,right-bottom,61,33,36,60,0.56,"{""left"":492.50399264999965,""right"":299.5873650000002,""left-bottom"":905.1855665625002,""right-bottom"":179.18515859999994}"
292,2027-06-21,Forests,adaptive-365/04-forests/day-292-2027-06-21,https://picsum.photos/seed/ventoy-2027-06-21-292-3805517/4096/2354,1366x786,right-bottom,61,33,36,60,0.415,"{""left"":1654.9047249999999,""right"":1775.6668744625001,""left-bottom"":1690.2672162499996,""right-bottom"":1481.123665}"
293,2027-06-22,Wildlife,adaptive-365/05-wildlife/day-293-2027-06-22,https://picsum.photos/seed/ventoy-2027-06-22-293-72384021/4096/2354,1366x786,right,61,20,36,60,0.568,"{""left"":770.26331765,""right"":110.40674884999999,""left-bottom"":115.13683359999999,""right-bottom"":122.4402096}"
294,2027-06-23,Architecture,adaptive-365/06-architecture/day-294-2027-06-23,https://picsum.photos/seed/ventoy-2027-06-23-294-9859667/4096/2354,1366x786,left,3,20,36,60,0.575,"{""left"":45.85756946249976,""right"":4087.8480793999997,""left-bottom"":50.915563162500405,""right-bottom"":3730.3767599999996}"
295,2027-06-24,Cities,adaptive-365/07-cities/day-295-2027-06-24,https://picsum.photos/seed/ventoy-2027-06-24-295-39188699/4096/2354,1366x786,left-bottom,3,33,36,60,0.511,"{""left"":648.5780516499999,""right"":960.2723855999998,""left-bottom"":621.6003674000001,""right-bottom"":957.7954591624998}"
296,2027-06-25,Space,adaptive-365/08-space/day-296-2027-06-25,https://picsum.photos/seed/ventoy-2027-06-25-296-40260164/4096/2354,1366x786,right-bottom,61,33,36,60,0.3,"{""left"":3935.8213990624995,""right"":3193.4467566499998,""left-bottom"":3742.16054,""right-bottom"":2830.39851265}"
297,2027-06-26,Technology,adaptive-365/09-technology/day-297-2027-06-26,https://picsum.photos/seed/ventoy-2027-06-26-297-69032314/4096/2354,1366x786,right,61,20,36,60,0.366,"{""left"":2058.2311306499996,""right"":1925.0110324625,""left-bottom"":2521.2320615624994,""right-bottom"":1943.2271153999995}"
298,2027-06-27,Abstract,adaptive-365/10-abstract/day-298-2027-06-27,https://picsum.photos/seed/ventoy-2027-06-27-298-37223770/4096/2354,1366x786,right,61,20,36,60,0.409,"{""left"":3796.7514211625003,""right"":1540.94450625,""left-bottom"":4067.1165369624996,""right-bottom"":1697.913585}"
299,2027-06-28,Minimal,adaptive-365/11-minimal/day-299-2027-06-28,https://picsum.photos/seed/ventoy-2027-06-28-299-59186205/4096/2354,1366x786,right,61,20,36,60,0.527,"{""left"":2080.8077226,""right"":480.29791196249994,""left-bottom"":2161.5503105999996,""right-bottom"":527.6127466625}"
300,2027-06-29,Travel,adaptive-365/12-travel/day-300-2027-06-29,https://picsum.photos/seed/ventoy-2027-06-29-300-71304773/4096/2354,1366x786,right,61,20,36,60,0.49,"{""left"":1396.119324662502,""right"":811.3108350000009,""left-bottom"":1896.0856496000006,""right-bottom"":1724.313724062501}"
301,2027-06-30,Nature,adaptive-365/01-nature/day-301-2027-06-30,https://picsum.photos/seed/ventoy-2027-06-30-301-6722161/4096/2354,1366x786,right,61,20,36,60,0.568,"{""left"":792.2582774624994,""right"":109.6588289625004,""left-bottom"":1206.9197365624998,""right-bottom"":126.22323656250089}"
302,2027-07-01,Mountains,adaptive-365/02-mountains/day-302-2027-07-01,https://picsum.photos/seed/ventoy-2027-07-01-302-72878998/4096/2354,1366x786,right,61,20,36,60,0.578,"{""left"":5703.8673586,""right"":19.226669649999995,""left-bottom"":5040.5174185999995,""right-bottom"":1463.1783901625001}"
303,2027-07-02,Oceans,adaptive-365/03-oceans/day-303-2027-07-02,https://picsum.photos/seed/ventoy-2027-07-02-303-70829605/4096/2354,1366x786,right-bottom,61,33,36,60,0.323,"{""left"":2386.4370115625006,""right"":2537.144356649999,""left-bottom"":2422.93874,""right-bottom"":2313.7516633999994}"
304,2027-07-03,Forests,adaptive-365/04-forests/day-304-2027-07-03,https://picsum.photos/seed/ventoy-2027-07-03-304-36036482/4096/2354,1366x786,right,61,20,36,60,0.577,"{""left"":33.65438484999836,""right"":31.428602400000393,""left-bottom"":973.189894462502,""right-bottom"":965.6170828500017}"
305,2027-07-04,Wildlife,adaptive-365/05-wildlife/day-305-2027-07-04,https://picsum.photos/seed/ventoy-2027-07-04-305-7959228/4096/2354,1366x786,left-bottom,3,33,36,60,0.533,"{""left"":510.20342639999996,""right"":1034.85091365,""left-bottom"":425.1926376625,""right-bottom"":702.6179829625002}"
306,2027-07-05,Architecture,adaptive-365/06-architecture/day-306-2027-07-05,https://picsum.photos/seed/ventoy-2027-07-05-306-76381218/4096/2354,1366x786,right,61,20,36,60,0.377,"{""left"":3735.51273585,""right"":1822.5378559624992,""left-bottom"":3159.1925783999995,""right-bottom"":2370.9812106499994}"
307,2027-07-06,Cities,adaptive-365/07-cities/day-307-2027-07-06,https://picsum.photos/seed/ventoy-2027-07-06-307-99933188/4096/2354,1366x786,right,61,20,36,60,0.3,"{""left"":5791.938997162499,""right"":3884.3719458499995,""left-bottom"":5280.5826024624985,""right-bottom"":4208.69907785}"
308,2027-07-07,Space,adaptive-365/08-space/day-308-2027-07-07,https://picsum.photos/seed/ventoy-2027-07-07-308-13933071/4096/2354,1366x786,right,61,20,36,60,0.3,"{""left"":7395.0536106499985,""right"":7066.5621615625005,""left-bottom"":7626.0883609625,""right-bottom"":7161.267766562498}"
309,2027-07-08,Technology,adaptive-365/09-technology/day-309-2027-07-08,https://picsum.photos/seed/ventoy-2027-07-08-309-50462858/4096/2354,1366x786,right-bottom,61,33,36,60,0.453,"{""left"":4550.3368665625,""right"":3466.3017076625,""left-bottom"":3992.2215199624998,""right-bottom"":1141.5093406625}"
310,2027-07-09,Abstract,adaptive-365/10-abstract/day-310-2027-07-09,https://picsum.photos/seed/ventoy-2027-07-09-310-61307125/4096/2354,1366x786,right,61,20,36,60,0.523,"{""left"":673.5194916500002,""right"":510.9152634624988,""left-bottom"":1431.7386966625006,""right-bottom"":1211.536421249999}"
311,2027-07-10,Minimal,adaptive-365/11-minimal/day-311-2027-07-10,https://picsum.photos/seed/ventoy-2027-07-10-311-82423799/4096/2354,1366x786,right,61,20,36,60,0.382,"{""left"":2886.4385581624997,""right"":1781.5224954000012,""left-bottom"":2920.2284519624995,""right-bottom"":2450.3830014625}"
312,2027-07-11,Travel,adaptive-365/12-travel/day-312-2027-07-11,https://picsum.photos/seed/ventoy-2027-07-11-312-16461254/4096/2354,1366x786,left,3,20,36,60,0.3,"{""left"":3142.6600240625007,""right"":3994.17407865,""left-bottom"":5442.409494162499,""right-bottom"":3674.1316415624997}"
313,2027-07-12,Nature,adaptive-365/01-nature/day-313-2027-07-12,https://picsum.photos/seed/ventoy-2027-07-12-313-17074279/4096/2354,1366x786,left,3,20,36,60,0.387,"{""left"":1741.003239999999,""right"":2611.929839999999,""left-bottom"":3710.232751962499,""right-bottom"":3507.9848024000003}"
314,2027-07-13,Mountains,adaptive-365/02-mountains/day-314-2027-07-13,https://picsum.photos/seed/ventoy-2027-07-13-314-74270651/4096/2354,1366x786,left,3,20,36,60,0.383,"{""left"":1771.1362976624998,""right"":1928.2403444624997,""left-bottom"":1801.9043741624996,""right-bottom"":1900.6214701624997}"
315,2027-07-14,Oceans,adaptive-365/03-oceans/day-315-2027-07-14,https://picsum.photos/seed/ventoy-2027-07-14-315-50839146/4096/2354,1366x786,left,3,20,36,60,0.502,"{""left"":705.6439316625002,""right"":774.5736024000004,""left-bottom"":814.3069986000002,""right-bottom"":760.28992265}"
316,2027-07-15,Forests,adaptive-365/04-forests/day-316-2027-07-15,https://picsum.photos/seed/ventoy-2027-07-15-316-77495755/4096/2354,1366x786,left-bottom,3,33,36,60,0.384,"{""left"":2668.6878938499995,""right"":2563.0563019625006,""left-bottom"":1767.3526990624996,""right-bottom"":2371.5984671624997}"
317,2027-07-16,Wildlife,adaptive-365/05-wildlife/day-317-2027-07-16,https://picsum.photos/seed/ventoy-2027-07-16-317-42174073/4096/2354,1366x786,right,61,20,36,60,0.541,"{""left"":1727.4279674625006,""right"":348.1924616624996,""left-bottom"":2816.8629649999993,""right-bottom"":1977.9678098500005}"
318,2027-07-17,Architecture,adaptive-365/06-architecture/day-318-2027-07-17,https://picsum.photos/seed/ventoy-2027-07-17-318-59154129/4096/2354,1366x786,left,3,20,36,60,0.3,"{""left"":2530.5565865625,""right"":2625.3701545999998,""left-bottom"":2856.5771895999997,""right-bottom"":2668.2336889625}"
319,2027-07-18,Cities,adaptive-365/07-cities/day-319-2027-07-18,https://picsum.photos/seed/ventoy-2027-07-18-319-92516123/4096/2354,1366x786,left,3,20,36,60,0.551,"{""left"":257.9123966625005,""right"":384.36711499999905,""left-bottom"":499.056310662499,""right-bottom"":530.866734462501}"
320,2027-07-19,Space,adaptive-365/08-space/day-320-2027-07-19,https://picsum.photos/seed/ventoy-2027-07-19-320-71587781/4096/2354,1366x786,left-bottom,3,33,36,60,0.323,"{""left"":2721.3899458499995,""right"":2448.7507786000006,""left-bottom"":2308.5345218499997,""right-bottom"":3184.7167913999997}"
321,2027-07-20,Technology,adaptive-365/09-technology/day-321-2027-07-20,https://picsum.photos/seed/ventoy-2027-07-20-321-19955618/4096/2354,1366x786,right,61,20,36,60,0.3,"{""left"":3433.2538131625,""right"":3085.9450033999997,""left-bottom"":3657.1568866000002,""right-bottom"":3405.5485304625}"
322,2027-07-21,Abstract,adaptive-365/10-abstract/day-322-2027-07-21,https://picsum.photos/seed/ventoy-2027-07-21-322-3507804/4096/2354,1366x786,right,61,20,36,60,0.435,"{""left"":2626.56918125,""right"":1306.325735000001,""left-bottom"":2369.5317845999994,""right-bottom"":1348.7297544000012}"
323,2027-07-22,Minimal,adaptive-365/11-minimal/day-323-2027-07-22,https://picsum.photos/seed/ventoy-2027-07-22-323-10024401/4096/2354,1366x786,left,3,20,36,60,0.387,"{""left"":1739.4662744,""right"":5652.490604062499,""left-bottom"":2467.4529446,""right-bottom"":5395.026884162499}"
324,2027-07-23,Travel,adaptive-365/12-travel/day-324-2027-07-23,https://picsum.photos/seed/ventoy-2027-07-23-324-86958293/4096/2354,1366x786,left-bottom,3,33,36,60,0.472,"{""left"":1007.0388346499998,""right"":5037.244556662499,""left-bottom"":973.2322265624999,""right-bottom"":5743.280492462499}"
325,2027-07-24,Nature,adaptive-365/01-nature/day-325-2027-07-24,https://picsum.photos/seed/ventoy-2027-07-24-325-80770869/4096/2354,1366x786,left,3,20,36,60,0.3,"{""left"":6837.9372806500005,""right"":8142.8292462499985,""left-bottom"":7431.099831849999,""right-bottom"":8619.413411562498}"
326,2027-07-25,Mountains,adaptive-365/02-mountains/day-326-2027-07-25,https://picsum.photos/seed/ventoy-2027-07-25-326-10625033/4096/2354,1366x786,right,61,20,36,60,0.563,"{""left"":252.52962584999995,""right"":149.20244516249997,""left-bottom"":364.795825,""right-bottom"":193.9885438500001}"
327,2027-07-26,Oceans,adaptive-365/03-oceans/day-327-2027-07-26,https://picsum.photos/seed/ventoy-2027-07-26-327-97877949/4096/2354,1366x786,right-bottom,61,33,36,60,0.569,"{""left"":2767.4985390624997,""right"":103.5553994625002,""left-bottom"":2820.8888491625,""right-bottom"":98.09766896250005}"
328,2027-07-27,Forests,adaptive-365/04-forests/day-328-2027-07-27,https://picsum.photos/seed/ventoy-2027-07-27-328-36888360/4096/2354,1366x786,left,3,20,36,60,0.3,"{""left"":3615.6541786000003,""right"":5545.715490662499,""left-bottom"":4503.883666599999,""right-bottom"":5554.3988399625}"
329,2027-07-28,Wildlife,adaptive-365/05-wildlife/day-329-2027-07-28,https://picsum.photos/seed/ventoy-2027-07-28-329-72228371/4096/2354,1366x786,right,61,20,36,60,0.313,"{""left"":3367.69495625,""right"":2407.3449966500007,""left-bottom"":3157.06174625,""right-bottom"":2855.7337466625004}"
330,2027-07-29,Architecture,adaptive-365/06-architecture/day-330-2027-07-29,https://picsum.photos/seed/ventoy-2027-07-29-330-22339179/4096/2354,1366x786,left,3,20,36,60,0.433,"{""left"":1319.267571249999,""right"":2952.106713462501,""left-bottom"":2594.3375914625,""right-bottom"":3429.7952562499995}"
331,2027-07-30,Cities,adaptive-365/07-cities/day-331-2027-07-30,https://picsum.photos/seed/ventoy-2027-07-30-331-13580100/4096/2354,1366x786,right-bottom,61,33,36,60,0.3,"{""left"":4945.157711849999,""right"":3452.7490740625,""left-bottom"":4919.965491399998,""right-bottom"":2782.50725625}"
332,2027-07-31,Space,adaptive-365/08-space/day-332-2027-07-31,https://picsum.photos/seed/ventoy-2027-07-31-332-76225615/4096/2354,1366x786,left-bottom,3,33,36,60,0.322,"{""left"":2375.635899400001,""right"":2949.3364895999994,""left-bottom"":2320.3146673999995,""right-bottom"":2669.8445176}"
333,2027-08-01,Technology,adaptive-365/09-technology/day-333-2027-08-01,https://picsum.photos/seed/ventoy-2027-08-01-333-67413941/4096/2354,1366x786,right-bottom,61,33,36,60,0.3,"{""left"":5538.019442662499,""right"":5710.88610625,""left-bottom"":4874.746688649999,""right-bottom"":4656.2075894624995}"
334,2027-08-02,Abstract,adaptive-365/10-abstract/day-334-2027-08-02,https://picsum.photos/seed/ventoy-2027-08-02-334-19607659/4096/2354,1366x786,left,3,20,36,60,0.347,"{""left"":2099.1384879625007,""right"":3731.5469234,""left-bottom"":2677.729736562501,""right-bottom"":2397.6605791624997}"
335,2027-08-03,Minimal,adaptive-365/11-minimal/day-335-2027-08-03,https://picsum.photos/seed/ventoy-2027-08-03-335-93849381/4096/2354,1366x786,left-bottom,3,33,36,60,0.3,"{""left"":5742.3880424625,""right"":7057.268265162498,""left-bottom"":5264.3923490625,""right-bottom"":7235.412189850001}"
336,2027-08-04,Travel,adaptive-365/12-travel/day-336-2027-08-04,https://picsum.photos/seed/ventoy-2027-08-04-336-40767158/4096/2354,1366x786,right,61,20,36,60,0.478,"{""left"":2017.2683966625,""right"":920.4807316625001,""left-bottom"":2580.2756006624995,""right-bottom"":1019.3748615625}"
337,2027-08-05,Nature,adaptive-365/01-nature/day-337-2027-08-05,https://picsum.photos/seed/ventoy-2027-08-05-337-98325521/4096/2354,1366x786,left-bottom,3,33,36,60,0.351,"{""left"":3046.5449946625,""right"":5321.1795119625,""left-bottom"":2062.8741991625,""right-bottom"":5165.2012666625}"
338,2027-08-06,Mountains,adaptive-365/02-mountains/day-338-2027-08-06,https://picsum.photos/seed/ventoy-2027-08-06-338-58292264/4096/2354,1366x786,right,61,20,36,60,0.549,"{""left"":1554.4805796625,""right"":279.10845485,""left-bottom"":557.1530615625,""right-bottom"":409.8503166}"
339,2027-08-07,Oceans,adaptive-365/03-oceans/day-339-2027-08-07,https://picsum.photos/seed/ventoy-2027-08-07-339-52113757/4096/2354,1366x786,right,61,20,36,60,0.474,"{""left"":1987.3292740625006,""right"":956.2730979624994,""left-bottom"":2058.2232661625,""right-bottom"":1582.0404240625007}"
340,2027-08-08,Forests,adaptive-365/04-forests/day-340-2027-08-08,https://picsum.photos/seed/ventoy-2027-08-08-340-73418981/4096/2354,1366x786,right-bottom,61,33,36,60,0.553,"{""left"":969.8287319625,""right"":610.0646014624999,""left-bottom"":1047.1414696,""right-bottom"":245.05837125}"
341,2027-08-09,Wildlife,adaptive-365/05-wildlife/day-341-2027-08-09,https://picsum.photos/seed/ventoy-2027-08-09-341-68454525/4096/2354,1366x786,right-bottom,61,33,36,60,0.353,"{""left"":2342.461172850001,""right"":2183.4061206000006,""left-bottom"":2422.4633619625,""right-bottom"":2046.5982855999998}"
342,2027-08-10,Architecture,adaptive-365/06-architecture/day-342-2027-08-10,https://picsum.photos/seed/ventoy-2027-08-10-342-18412301/4096/2354,1366x786,left-bottom,3,33,36,60,0.548,"{""left"":539.5520251624997,""right"":2809.9172029624997,""left-bottom"":292.41408666249987,""right-bottom"":564.9666462499998}"
343,2027-08-11,Cities,adaptive-365/07-cities/day-343-2027-08-11,https://picsum.photos/seed/ventoy-2027-08-11-343-51770823/4096/2354,1366x786,right,61,20,36,60,0.566,"{""left"":488.4026014,""right"":126.4781274625,""left-bottom"":595.1438056,""right-bottom"":245.03144666249997}"
344,2027-08-12,Space,adaptive-365/08-space/day-344-2027-08-12,https://picsum.photos/seed/ventoy-2027-08-12-344-12143962/4096/2354,1366x786,left,3,20,36,60,0.577,"{""left"":28.861040600000315,""right"":38.80936656249911,""left-bottom"":74.68878216249942,""right-bottom"":545.1235304624989}"
345,2027-08-13,Technology,adaptive-365/09-technology/day-345-2027-08-13,https://picsum.photos/seed/ventoy-2027-08-13-345-10386291/4096/2354,1366x786,right,61,20,36,60,0.545,"{""left"":1912.4638305999995,""right"":316.09066656249905,""left-bottom"":1923.4903184,""right-bottom"":549.4525776624993}"
346,2027-08-14,Abstract,adaptive-365/10-abstract/day-346-2027-08-14,https://picsum.photos/seed/ventoy-2027-08-14-346-25761788/4096/2354,1366x786,right-bottom,61,33,36,60,0.434,"{""left"":4054.3954696624996,""right"":1559.7945441625016,""left-bottom"":3392.5874640624997,""right-bottom"":1318.2419294000013}"
347,2027-08-15,Minimal,adaptive-365/11-minimal/day-347-2027-08-15,https://picsum.photos/seed/ventoy-2027-08-15-347-23032819/4096/2354,1366x786,right-bottom,61,33,36,60,0.392,"{""left"":2358.8930390625,""right"":1921.1165406499995,""left-bottom"":2615.6929415625,""right-bottom"":1687.8730649625}"
348,2027-08-16,Travel,adaptive-365/12-travel/day-348-2027-08-16,https://picsum.photos/seed/ventoy-2027-08-16-348-16507429/4096/2354,1366x786,left-bottom,3,33,36,60,0.398,"{""left"":3001.4783390625,""right"":3753.7508869625,""left-bottom"":1635.3109676499998,""right-bottom"":2239.1282696624994}"
349,2027-08-17,Nature,adaptive-365/01-nature/day-349-2027-08-17,https://picsum.photos/seed/ventoy-2027-08-17-349-820259/4096/2354,1366x786,right,61,20,36,60,0.487,"{""left"":3174.3702256625,""right"":834.1889740625007,""left-bottom"":1672.4870291625,""right-bottom"":2321.7840541624996}"
350,2027-08-18,Mountains,adaptive-365/02-mountains/day-350-2027-08-18,https://picsum.photos/seed/ventoy-2027-08-18-350-93651445/4096/2354,1366x786,left-bottom,3,33,36,60,0.3,"{""left"":4148.410034462499,""right"":4260.3697049625,""left-bottom"":4125.8259421625,""right-bottom"":4882.509187962501}"
351,2027-08-19,Oceans,adaptive-365/03-oceans/day-351-2027-08-19,https://picsum.photos/seed/ventoy-2027-08-19-351-8742498/4096/2354,1366x786,left-bottom,3,33,36,60,0.493,"{""left"":1668.4478490624997,""right"":3356.614122649999,""left-bottom"":784.6199465999998,""right-bottom"":3984.2179794000003}"
352,2027-08-20,Forests,adaptive-365/04-forests/day-352-2027-08-20,https://picsum.photos/seed/ventoy-2027-08-20-352-11263836/4096/2354,1366x786,right,61,20,36,60,0.452,"{""left"":1306.9946226624998,""right"":1151.5152462500002,""left-bottom"":1848.7420141624998,""right-bottom"":1716.9852794}"
353,2027-08-21,Wildlife,adaptive-365/05-wildlife/day-353-2027-08-21,https://picsum.photos/seed/ventoy-2027-08-21-353-99165947/4096/2354,1366x786,left-bottom,3,33,36,60,0.532,"{""left"":677.4246119625002,""right"":3003.279576462499,""left-bottom"":431.7876419625007,""right-bottom"":3020.0284586000007}"
354,2027-08-22,Architecture,adaptive-365/06-architecture/day-354-2027-08-22,https://picsum.photos/seed/ventoy-2027-08-22-354-76377134/4096/2354,1366x786,right-bottom,61,33,36,60,0.526,"{""left"":2760.11877185,""right"":745.3602656,""left-bottom"":2366.3505316625,""right-bottom"":488.8266484624999}"
355,2027-08-23,Cities,adaptive-365/07-cities/day-355-2027-08-23,https://picsum.photos/seed/ventoy-2027-08-23-355-46612058/4096/2354,1366x786,left,3,20,36,60,0.501,"{""left"":706.9111088499977,""right"":5472.9819165625,""left-bottom"":3279.2496894,""right-bottom"":3702.0406290625}"
356,2027-08-24,Space,adaptive-365/08-space/day-356-2027-08-24,https://picsum.photos/seed/ventoy-2027-08-24-356-30408583/4096/2354,1366x786,left-bottom,3,33,36,60,0.3,"{""left"":3336.63234625,""right"":3871.9315256624996,""left-bottom"":2823.97996565,""right-bottom"":2960.9614399999996}"
357,2027-08-25,Technology,adaptive-365/09-technology/day-357-2027-08-25,https://picsum.photos/seed/ventoy-2027-08-25-357-88497184/4096/2354,1366x786,left,3,20,36,60,0.518,"{""left"":557.7191796500006,""right"":1168.7890241624996,""left-bottom"":1409.7562746499998,""right-bottom"":1695.0144895999997}"
358,2027-08-26,Abstract,adaptive-365/10-abstract/day-358-2027-08-26,https://picsum.photos/seed/ventoy-2027-08-26-358-15851586/4096/2354,1366x786,right-bottom,61,33,36,60,0.364,"{""left"":3069.1499386624996,""right"":2414.6056240625007,""left-bottom"":2372.9871829625,""right-bottom"":1943.6338251625002}"
359,2027-08-27,Minimal,adaptive-365/11-minimal/day-359-2027-08-27,https://picsum.photos/seed/ventoy-2027-08-27-359-87574935/4096/2354,1366x786,right,61,20,36,60,0.3,"{""left"":5138.844418462499,""right"":3549.162626562499,""left-bottom"":3927.3785240624993,""right-bottom"":3682.8378666500003}"
360,2027-08-28,Travel,adaptive-365/12-travel/day-360-2027-08-28,https://picsum.photos/seed/ventoy-2027-08-28-360-33420069/4096/2354,1366x786,left,3,20,36,60,0.388,"{""left"":1724.8894412500008,""right"":3216.2905066625017,""left-bottom"":1904.405721249999,""right-bottom"":3496.7377053999994}"
361,2027-08-29,Nature,adaptive-365/01-nature/day-361-2027-08-29,https://picsum.photos/seed/ventoy-2027-08-29-361-29723749/4096/2354,1366x786,right-bottom,61,33,36,60,0.501,"{""left"":4776.1139706,""right"":3055.2517591625,""left-bottom"":3701.5331078499994,""right-bottom"":712.6196011625}"
362,2027-08-30,Mountains,adaptive-365/02-mountains/day-362-2027-08-30,https://picsum.photos/seed/ventoy-2027-08-30-362-8127510/4096/2354,1366x786,left-bottom,3,33,36,60,0.487,"{""left"":1411.9797718499997,""right"":3075.7561406625,""left-bottom"":835.9693166499999,""right-bottom"":873.3735001624998}"
363,2027-08-31,Oceans,adaptive-365/03-oceans/day-363-2027-08-31,https://picsum.photos/seed/ventoy-2027-08-31-363-98402270/4096/2354,1366x786,right,61,20,36,60,0.3,"{""left"":6821.823279062499,""right"":6168.6907414625,""left-bottom"":7722.136331662499,""right-bottom"":6813.387346249999}"
364,2027-09-01,Forests,adaptive-365/04-forests/day-364-2027-09-01,https://picsum.photos/seed/ventoy-2027-09-01-364-99142344/4096/2354,1366x786,left,3,20,36,60,0.3,"{""left"":4353.68760465,""right"":4607.8320826,""left-bottom"":4360.1925266,""right-bottom"":4620.9300811625}"
365,2027-09-02,Wildlife,adaptive-365/05-wildlife/day-365-2027-09-02,https://picsum.photos/seed/ventoy-2027-09-02-365-29509164/4096/2354,1366x786,right-bottom,61,33,36,60,0.558,"{""left"":394.2799571624994,""right"":211.32130739999974,""left-bottom"":1385.5338379624995,""right-bottom"":202.25491139999963}"
